84;57;72;255;89;62;77;255;49;90;82;255;45;86;78;255;84;58;67;255;80;54;63;255;84;52;57;255;85;53;58;255;63;63;55;255;62;62;54;255;59;62;69;255;71;74;81;255;77;61;64;255;73;57;60;255;78;57;56;255;76;55;54;255;75;61;60;255;74;58;58;255;76;55;60;255;76;55;60;255;77;57;59;255;77;57;59;255;77;57;59;255
77;57;59;255;77;56;61;255;77;56;61;255;80;55;51;255;80;55;51;255;40;80;92;255;51;91;103;255;18;86;97;255;35;103;114;255;7;124;157;255;7;124;157;255;33;88;108;255;25;80;101;255;77;78;83;255;66;67;72;255;54;65;69;255;57;68;72;255;46;62;77;255;75;91;106;255;18;111;119;255;12;105;113;255;40;99;113;255;24;83;97;255
50;56;72;255;58;64;80;255;64;59;65;255;64;59;65;255;79;54;60;255;79;56;62;255;73;60;54;255;72;59;53;255;72;58;49;255;75;61;52;255;85;53;58;255;82;50;55;255;55;87;98;255;51;83;94;255;60;71;73;255;55;66;68;255;75;55;56;255;76;56;57;255;85;56;60;255;85;56;60;255;75;58;64;255;75;58;64;255;78;55;61;255
77;54;60;255;81;52;57;255;81;52;57;255;73;59;58;255;73;59;58;255;77;57;59;255;77;57;59;255;77;57;59;255;77;57;59;255;77;57;59;255;77;57;59;255;77;57;59;255;77;57;59;255;77;57;59;255;77;57;59;255;77;57;59;255;77;57;59;255;77;57;59;255;77;57;59;255;77;57;59;255;77;57;59;255;77;57;59;255;77;57;59;255
83;56;71;255;72;45;60;255;41;82;74;255;42;83;75;255;82;56;65;255;76;50;59;255;83;51;56;255;85;53;58;255;64;64;56;255;64;64;56;255;59;62;69;255;68;71;78;255;75;59;62;255;72;56;59;255;78;57;56;255;76;55;54;255;76;60;60;255;73;57;57;255;75;56;60;255;75;56;60;255;77;57;59;255;77;57;59;255;77;57;59;255
77;57;59;255;78;57;62;255;77;56;61;255;82;57;53;255;78;53;49;255;40;80;92;255;54;94;106;255;20;88;101;255;35;103;114;255;6;123;156;255;4;121;154;255;52;107;127;255;31;86;106;255;69;70;75;255;71;72;77;255;56;67;71;255;54;65;69;255;49;65;80;255;51;67;82;255;24;117;125;255;15;108;116;255;41;100;114;255;42;101;115;255
68;74;90;255;65;71;87;255;71;66;72;255;60;55;61;255;76;53;59;255;79;56;64;255;73;60;54;255;71;57;54;255;72;58;49;255;76;62;53;255;84;52;57;255;78;46;51;255;35;67;78;255;50;82;93;255;71;82;84;255;60;71;73;255;73;53;54;255;75;55;56;255;84;55;59;255;81;52;56;255;75;58;64;255;74;57;63;255;77;54;60;255
76;53;59;255;81;52;57;255;81;52;57;255;73;59;58;255;73;59;58;255;78;58;60;255;77;57;59;255;77;57;59;255;77;57;59;255;77;57;59;255;76;57;59;255;77;57;59;255;77;57;59;255;77;57;59;255;77;57;59;255;77;57;59;255;77;57;59;255;77;57;59;255;77;57;59;255;77;57;59;255;77;57;59;255;77;57;59;255;77;57;59;255
66;56;65;255;71;61;70;255;48;69;70;255;53;74;75;255;69;62;69;255;64;57;64;255;85;48;56;255;87;50;58;255;77;57;56;255;80;60;59;255;69;58;62;255;77;66;70;255;77;57;59;255;77;57;59;255;78;57;56;255;76;55;52;255;77;59;59;255;73;55;55;255;76;57;59;255;76;57;59;255;77;57;59;255;77;57;59;255;77;55;58;255
77;55;58;255;78;55;61;255;78;55;61;255;80;55;61;255;78;53;57;255;16;90;117;255;28;102;129;255;43;74;79;255;60;91;96;255;2;128;150;255;0;121;142;255;13;121;168;255;11;119;166;255;23;79;102;255;32;88;111;255;65;79;82;255;52;66;69;255;81;70;84;255;64;52;66;255;37;103;125;255;37;103;125;255;22;93;111;255;25;96;116;255
43;89;105;255;40;86;102;255;62;92;100;255;52;82;90;255;72;55;63;255;75;55;64;255;85;51;52;255;86;52;53;255;68;61;53;255;66;62;53;255;77;56;61;255;76;55;60;255;66;51;56;255;77;62;69;255;56;83;92;255;54;81;90;255;59;67;80;255;54;62;75;255;79;52;57;255;80;54;57;255;73;59;50;255;73;59;50;255;72;56;57;255
73;57;58;255;84;52;63;255;84;52;63;255;75;57;53;255;72;57;54;255;77;57;59;255;77;57;59;255;77;57;59;255;77;57;59;255;77;57;58;255;77;57;59;255;77;57;59;255;77;57;59;255;77;57;59;255;77;57;59;255;77;57;59;255;77;57;59;255;77;57;59;255;77;57;59;255;77;57;59;255;77;57;59;255;77;57;59;255;77;57;59;255
75;65;74;255;65;55;64;255;56;77;78;255;63;84;85;255;77;72;78;255;70;63;70;255;88;51;59;255;86;49;57;255;75;55;54;255;77;57;56;255;68;59;62;255;75;64;68;255;76;56;58;255;77;57;59;255;78;57;56;255;76;55;54;255;77;59;59;255;73;55;55;255;76;57;59;255;76;57;59;255;77;57;59;255;77;57;59;255;77;55;58;255
76;56;58;255;78;55;61;255;77;54;60;255;80;55;61;255;81;56;62;255;21;95;122;255;27;101;128;255;37;68;73;255;57;88;93;255;3;129;151;255;1;123;144;255;3;111;158;255;10;118;165;255;46;102;125;255;26;82;105;255;69;83;86;255;69;83;84;255;59;48;62;255;71;59;73;255;5;71;93;255;43;109;131;255;34;105;123;255;30;101;119;255
41;87;103;255;33;79;95;255;62;92;100;255;57;87;95;255;73;56;64;255;71;54;62;255;86;52;53;255;88;54;55;255;67;63;54;255;63;59;50;255;76;55;60;255;83;62;67;255;77;62;67;255;69;54;59;255;44;71;78;255;59;86;95;255;70;78;91;255;54;62;75;255;76;49;54;255;86;59;64;255;73;59;50;255;73;59;50;255;72;56;57;255
73;57;58;255;84;54;66;255;86;54;65;255;75;57;55;255;74;56;54;255;77;57;59;255;77;57;59;255;77;57;59;255;77;57;59;255;77;57;59;255;77;56;61;255;77;57;59;255;77;57;59;255;77;57;59;255;77;57;59;255;77;57;59;255;77;57;59;255;77;57;59;255;77;57;59;255;77;57;59;255;77;57;59;255;77;57;59;255;77;57;59;255
67;74;82;255;71;78;86;255;55;55;67;255;65;65;77;255;56;92;90;255;54;90;88;255;72;56;66;255;69;53;63;255;80;58;60;255;80;58;61;255;76;57;59;255;76;57;59;255;77;56;61;255;77;57;59;255;78;56;58;255;78;56;58;255;77;58;54;255;77;58;54;255;75;57;57;255;75;57;57;255;77;57;59;255;77;57;59;255;80;55;61;255
78;55;61;255;77;55;58;255;77;55;58;255;76;57;61;255;67;48;52;255;32;105;124;255;34;107;126;255;76;60;63;255;77;61;64;255;12;98;113;255;30;116;131;255;0;118;161;255;1;120;163;255;13;126;156;255;1;114;144;255;26;84;96;255;33;95;106;255;68;84;84;255;46;62;62;255;74;53;70;255;77;56;73;255;63;106;115;255;40;83;92;255
30;87;104;255;46;103;120;255;28;72;83;255;48;92;103;255;63;71;74;255;55;63;66;255;75;53;56;255;81;59;62;255;68;66;67;255;61;59;60;255;72;54;66;255;81;63;75;255;85;54;51;255;86;55;52;255;61;53;68;255;66;58;73;255;64;83;97;255;60;82;95;255;59;65;65;255;56;60;61;255;87;57;57;255;83;53;53;255;75;53;56;255
78;56;59;255;70;61;64;255;68;57;61;255;82;53;57;255;86;57;61;255;77;57;59;255;77;57;59;255;77;57;59;255;77;57;59;255;77;57;59;255;77;56;61;255;77;57;59;255;77;57;59;255;77;57;59;255;77;57;59;255;77;57;59;255;77;57;59;255;77;57;59;255;77;57;59;255;77;57;59;255;77;57;59;255;77;57;59;255;77;57;59;255
58;65;73;255;65;72;80;255;75;75;87;255;66;66;78;255;39;75;73;255;38;74;74;255;73;57;67;255;75;59;69;255;78;56;59;255;71;49;51;255;76;57;59;255;76;57;59;255;77;57;59;255;77;57;59;255;78;56;58;255;78;56;58;255;77;57;56;255;77;57;56;255;74;56;56;255;75;57;57;255;77;57;59;255;77;57;59;255;78;55;61;255
78;55;61;255;77;55;58;255;77;55;58;255;77;58;62;255;69;50;54;255;27;100;119;255;28;101;120;255;75;59;62;255;75;59;62;255;8;94;109;255;27;113;128;255;1;120;163;255;0;119;162;255;8;121;151;255;7;120;150;255;35;95;106;255;29;89;100;255;62;78;77;255;62;78;78;255;72;51;68;255;73;52;69;255;38;81;90;255;59;102;111;255
41;98;115;255;28;85;102;255;44;88;99;255;37;79;91;255;68;76;79;255;60;68;71;255;75;53;56;255;79;57;60;255;70;68;69;255;68;66;67;255;74;56;68;255;72;54;66;255;84;53;50;255;82;51;48;255;67;59;74;255;68;60;75;255;47;69;82;255;58;80;93;255;70;76;76;255;54;60;60;255;82;52;52;255;85;55;55;255;78;56;59;255
74;52;55;255;68;59;62;255;70;64;68;255;86;57;61;255;82;53;57;255;77;57;59;255;77;57;59;255;77;57;59;255;77;57;59;255;77;57;59;255;77;57;59;255;77;57;59;255;77;57;59;255;77;57;59;255;77;57;59;255;77;57;59;255;77;57;59;255;77;57;59;255;77;57;59;255;77;57;59;255;77;57;59;255;77;57;59;255;77;57;59;255
54;77;83;255;46;69;75;255;69;58;72;255;75;64;78;255;53;79;78;255;51;77;76;255;75;64;68;255;68;57;61;255;64;61;52;255;70;67;60;255;79;57;59;255;78;56;58;255;76;57;59;255;76;57;59;255;77;55;58;255;77;55;58;255;77;56;55;255;77;56;55;255;75;57;55;255;75;57;55;255;76;57;59;255;76;57;59;255;80;55;59;255
80;55;59;255;77;57;58;255;78;56;58;255;82;57;53;255;76;51;47;255;57;82;78;255;54;79;75;255;87;52;56;255;87;53;54;255;32;78;93;255;51;99;113;255;30;108;121;255;30;106;120;255;3;118;145;255;8;123;150;255;20;113;146;255;6;101;133;255;43;80;88;255;49;86;94;255;79;62;55;255;76;59;52;255;38;58;56;255;67;87;85;255
56;89;106;255;40;73;88;255;70;88;108;255;59;77;97;255;61;79;79;255;55;73;73;255;67;59;57;255;67;59;57;255;75;63;63;255;78;66;66;255;82;56;59;255;74;48;51;255;78;52;55;255;78;52;55;255;76;60;60;255;74;60;59;255;59;57;58;255;69;69;69;255;74;74;82;255;64;64;72;255;69;57;67;255;71;59;69;255;78;55;61;255
75;52;58;255;78;53;56;255;83;58;61;255;80;59;64;255;74;53;58;255;77;57;59;255;77;57;59;255;77;57;59;255;77;57;59;255;77;57;59;255;78;56;59;255;77;57;59;255;77;57;59;255;77;57;59;255;77;57;59;255;77;57;59;255;77;57;59;255;77;57;59;255;77;57;59;255;77;57;59;255;77;57;59;255;77;57;59;255;77;57;59;255
53;76;82;255;56;79;85;255;69;58;72;255;73;62;76;255;48;74;73;255;51;77;76;255;84;73;77;255;77;66;70;255;63;60;53;255;67;62;56;255;78;56;58;255;78;56;58;255;76;57;59;255;76;57;59;255;77;55;58;255;76;54;57;255;77;56;55;255;76;55;54;255;75;57;55;255;75;57;55;255;76;57;59;255;75;56;58;255;80;55;59;255
80;55;59;255;80;55;58;255;77;57;56;255;83;55;52;255;78;53;49;255;49;74;70;255;46;71;67;255;87;52;56;255;88;53;57;255;30;76;91;255;51;94;110;255;26;102;116;255;27;103;117;255;3;118;145;255;7;122;149;255;23;118;150;255;18;113;145;255;50;87;95;255;37;74;82;255;82;65;58;255;78;61;54;255;46;66;64;255;41;61;59;255
45;78;93;255;54;87;102;255;59;77;97;255;69;87;107;255;55;73;73;255;52;70;72;255;67;59;57;255;66;58;56;255;71;59;59;255;72;60;60;255;81;55;58;255;80;54;57;255;81;52;56;255;82;56;59;255;70;56;55;255;71;57;56;255;67;67;67;255;64;62;63;255;61;61;69;255;72;72;80;255;77;65;75;255;70;60;68;255;75;52;58;255
79;56;62;255;81;56;59;255;78;53;56;255;76;55;60;255;77;58;62;255;77;57;59;255;77;57;59;255;77;57;59;255;77;57;59;255;77;57;59;255;77;57;59;255;77;57;59;255;77;57;59;255;77;57;59;255;77;57;59;255;77;57;59;255;77;57;59;255;77;57;59;255;77;57;59;255;77;57;59;255;77;57;59;255;77;57;59;255;77;57;59;255
44;73;77;255;48;77;81;255;77;63;78;255;77;63;78;255;68;58;69;255;68;58;69;255;69;70;74;255;65;66;70;255;69;54;57;255;72;56;59;255;78;56;58;255;78;56;58;255;74;57;63;255;74;57;63;255;76;55;62;255;76;55;62;255;80;55;58;255;79;54;57;255;75;57;55;255;75;57;55;255;76;57;59;255;76;57;59;255;80;55;59;255
81;56;60;255;77;57;56;255;76;56;55;255;83;52;58;255;81;50;56;255;75;56;58;255;72;56;57;255;78;55;65;255;79;56;66;255;49;68;85;255;65;84;101;255;52;90;91;255;48;86;87;255;9;113;142;255;17;121;150;255;0;125;160;255;1;129;166;255;25;114;144;255;4;93;123;255;75;57;69;255;73;55;67;255;88;62;63;255;73;47;48;255
58;69;63;255;74;85;79;255;56;66;75;255;67;77;86;255;62;75;81;255;55;68;74;255;74;51;61;255;75;52;62;255;79;53;62;255;77;51;60;255;71;61;60;255;74;64;63;255;81;55;64;255;83;56;65;255;66;59;49;255;69;60;51;255;86;62;60;255;80;56;52;255;70;50;61;255;81;59;71;255;65;78;84;255;58;71;77;255;70;59;63;255
71;60;64;255;91;50;58;255;88;47;55;255;69;59;60;255;72;62;63;255;77;57;59;255;77;57;59;255;77;57;59;255;77;57;59;255;77;57;59;255;77;57;59;255;77;57;59;255;77;57;59;255;77;57;59;255;77;57;59;255;77;57;59;255;77;57;59;255;77;57;59;255;77;57;59;255;77;57;59;255;77;57;59;255;77;57;59;255;77;57;59;255
55;84;88;255;51;79;83;255;73;59;74;255;78;64;79;255;75;65;76;255;73;63;74;255;68;69;73;255;68;69;73;255;76;60;63;255;74;57;63;255;78;56;58;255;78;56;58;255;74;57;65;255;74;57;63;255;76;55;62;255;76;55;62;255;79;54;57;255;79;54;57;255;75;57;55;255;75;57;55;255;76;57;59;255;76;57;59;255;81;56;60;255
80;55;59;255;77;57;56;255;77;57;56;255;83;52;58;255;80;49;55;255;74;55;57;255;75;56;58;255;78;55;65;255;78;55;65;255;51;68;86;255;58;77;94;255;49;87;88;255;39;77;78;255;4;108;137;255;19;123;152;255;0;122;159;255;1;125;161;255;33;122;152;255;26;115;145;255;81;65;75;255;74;56;68;255;83;54;56;255;85;59;60;255
53;66;59;255;55;66;60;255;61;71;80;255;56;65;74;255;69;82;88;255;58;71;77;255;75;52;62;255;77;54;64;255;82;56;65;255;81;55;64;255;69;59;58;255;70;60;59;255;82;56;65;255;78;52;61;255;71;64;54;255;72;65;55;255;77;53;51;255;82;58;56;255;79;59;70;255;69;49;60;255;61;74;82;255;63;76;82;255;76;65;69;255
69;58;62;255;87;46;54;255;90;49;57;255;72;62;63;255;69;59;60;255;77;57;59;255;77;57;59;255;77;57;59;255;77;57;59;255;77;57;59;255;77;57;59;255;77;57;59;255;77;57;59;255;77;57;59;255;77;57;59;255;77;57;59;255;77;57;59;255;77;57;59;255;77;57;59;255;77;57;59;255;77;57;59;255;77;57;59;255;77;57;59;255
70;79;86;255;75;84;91;255;37;92;86;255;31;86;80;255;58;64;80;255;61;67;83;255;49;87;96;255;59;97;108;255;61;83;96;255;40;62;75;255;78;56;58;255;78;56;58;255;73;58;63;255;73;58;61;255;77;56;65;255;77;56;65;255;80;54;57;255;80;54;57;255;75;57;55;255;75;57;55;255;76;57;59;255;76;57;59;255;77;55;58;255
77;55;58;255;75;57;55;255;76;56;55;255;68;60;58;255;66;58;56;255;78;56;59;255;80;58;61;255;75;59;59;255;73;57;57;255;79;59;61;255;82;62;64;255;74;70;69;255;64;60;59;255;19;91;116;255;38;110;135;255;3;126;142;255;0;123;139;255;2;129;161;255;7;134;166;255;16;112;137;255;5;101;126;255;68;50;64;255;77;59;73;255
81;53;50;255;73;45;42;255;82;65;75;255;73;56;66;255;64;78;81;255;60;74;77;255;73;62;66;255;71;60;64;255;81;56;59;255;81;56;59;255;73;58;55;255;71;56;53;255;77;58;60;255;73;54;56;255;86;53;60;255;88;55;62;255;77;52;56;255;80;55;59;255;71;65;65;255;64;58;58;255;66;64;65;255;71;69;70;255;70;68;71;255
64;62;65;255;68;57;61;255;70;59;63;255;81;55;58;255;79;53;56;255;77;57;59;255;77;57;59;255;77;57;59;255;77;57;59;255;77;57;59;255;77;57;59;255;77;57;59;255;77;57;59;255;77;57;59;255;77;57;59;255;77;57;59;255;77;57;59;255;77;57;59;255;77;57;59;255;77;57;59;255;77;57;59;255;77;57;59;255;77;57;59;255
54;63;70;255;52;59;67;255;38;93;87;255;38;93;87;255;69;75;91;255;61;67;83;255;30;68;77;255;43;80;89;255;61;83;96;255;52;74;88;255;78;56;58;255;78;56;59;255;73;58;63;255;73;58;63;255;77;56;65;255;78;57;66;255;81;55;58;255;80;54;57;255;75;57;55;255;75;57;55;255;76;57;59;255;76;57;59;255;77;55;58;255
77;55;58;255;75;57;55;255;75;57;55;255;69;61;59;255;67;59;57;255;79;56;62;255;83;61;64;255;74;58;58;255;73;55;55;255;78;58;60;255;76;56;58;255;68;64;63;255;66;62;61;255;16;88;113;255;32;104;129;255;5;131;146;255;0;126;141;255;1;120;152;255;0;125;157;255;22;116;142;255;18;114;139;255;76;58;72;255;71;53;67;255
86;61;57;255;82;54;51;255;76;56;67;255;75;58;68;255;51;65;68;255;59;73;76;255;79;68;72;255;73;62;66;255;77;52;55;255;79;54;57;255;74;59;56;255;72;57;54;255;76;57;59;255;77;58;60;255;82;49;56;255;86;53;60;255;85;60;64;255;76;51;55;255;61;56;53;255;76;70;70;255;64;62;63;255;64;62;65;255;66;64;67;255
69;67;70;255;73;62;66;255;66;55;59;255;77;51;54;255;83;57;60;255;76;57;59;255;77;57;59;255;77;57;59;255;78;58;60;255;77;57;59;255;77;57;59;255;77;57;59;255;77;57;59;255;77;57;59;255;77;57;59;255;77;57;59;255;77;57;59;255;77;57;59;255;77;57;59;255;77;57;59;255;77;57;59;255;77;57;59;255;77;57;59;255
66;71;74;255;68;73;76;255;59;67;69;255;59;67;69;255;72;66;68;255;74;68;70;255;73;66;73;255;69;62;69;255;58;64;76;255;59;67;78;255;77;58;62;255;76;57;61;255;73;58;65;255;73;58;65;255;79;56;66;255;79;56;66;255;81;54;59;255;79;52;57;255;74;58;58;255;74;58;58;255;70;60;61;255;70;60;61;255;76;55;62;255
76;55;62;255;83;52;58;255;83;52;58;255;73;58;55;255;73;58;53;255;80;54;57;255;80;54;57;255;72;58;58;255;72;58;58;255;77;58;60;255;76;57;59;255;78;53;57;255;78;53;57;255;41;82;84;255;57;98;100;255;8;126;140;255;4;122;136;255;1;119;165;255;0;124;172;255;5;123;159;255;5;123;159;255;23;112;126;255;7;96;110;255
73;50;60;255;78;55;65;255;96;55;53;255;88;47;45;255;59;64;58;255;63;68;62;255;68;68;80;255;69;69;81;255;72;62;73;255;66;56;67;255;78;54;52;255;81;57;55;255;79;54;57;255;79;54;57;255;77;57;59;255;76;57;61;255;77;55;58;255;77;54;60;255;77;55;58;255;77;55;58;255;72;61;67;255;73;62;68;255;66;65;73;255
64;63;71;255;71;58;65;255;71;58;65;255;84;52;55;255;83;51;54;255;77;55;57;255;76;56;57;255;76;56;57;255;76;56;57;255;77;57;59;255;77;57;59;255;77;57;59;255;77;57;59;255;77;57;59;255;77;57;59;255;77;57;59;255;77;57;59;255;77;57;59;255;77;57;59;255;77;57;59;255;77;57;59;255;77;57;59;255;77;57;59;255
57;62;65;255;58;63;66;255;69;77;80;255;67;75;77;255;73;67;69;255;72;66;68;255;73;66;73;255;72;65;72;255;64;70;82;255;68;74;86;255;80;61;65;255;77;58;62;255;72;55;63;255;69;54;61;255;74;51;61;255;74;51;61;255;81;55;58;255;83;56;61;255;74;58;58;255;74;58;58;255;70;60;61;255;70;60;61;255;76;55;62;255
76;55;62;255;83;52;58;255;83;52;58;255;73;58;55;255;73;58;55;255;80;54;57;255;80;54;57;255;72;58;58;255;72;58;58;255;77;58;60;255;76;57;59;255;79;54;58;255;77;52;56;255;35;76;78;255;48;89;91;255;6;124;138;255;11;129;143;255;0;124;170;255;0;120;167;255;3;121;157;255;3;123;158;255;27;116;130;255;18;107;121;255
80;54;65;255;73;49;62;255;91;49;50;255;92;51;49;255;59;64;58;255;59;64;58;255;62;62;74;255;64;64;76;255;72;62;73;255;69;59;70;255;80;56;54;255;81;57;55;255;79;54;57;255;79;54;57;255;76;57;59;255;77;57;59;255;77;54;60;255;77;55;58;255;77;55;58;255;76;54;57;255;71;60;66;255;78;67;73;255;72;71;79;255
64;63;71;255;68;55;62;255;72;59;66;255;86;54;57;255;83;51;54;255;76;56;57;255;76;56;57;255;74;56;56;255;76;56;57;255;77;57;59;255;78;56;59;255;77;57;59;255;77;57;59;255;77;57;59;255;77;57;59;255;77;57;59;255;77;57;59;255;77;57;59;255;77;57;59;255;77;57;59;255;77;57;59;255;77;57;59;255;77;57;59;255
76;69;85;255;71;64;80;255;56;54;68;255;65;63;77;255;62;77;84;255;63;78;85;255;60;70;72;255;52;62;64;255;67;58;61;255;73;63;64;255;73;63;71;255;67;60;67;255;78;57;56;255;81;59;61;255;80;62;52;255;77;58;51;255;72;57;50;255;74;59;52;255;83;54;58;255;83;54;58;255;82;53;58;255;82;53;58;255;72;58;58;255
72;58;58;255;72;60;64;255;71;59;61;255;73;59;58;255;73;59;58;255;76;57;59;255;76;57;59;255;75;56;60;255;76;55;60;255;80;55;59;255;80;55;58;255;87;50;58;255;86;49;57;255;73;55;67;255;81;61;73;255;42;94;108;255;55;107;121;255;8;131;146;255;4;127;142;255;5;125;149;255;5;125;150;255;1;134;151;255;1;134;151;255
29;101;116;255;12;84;99;255;52;62;64;255;54;64;66;255;82;54;53;255;80;52;51;255;81;50;56;255;84;55;60;255;68;68;70;255;67;67;69;255;82;55;62;255;81;54;61;255;76;56;57;255;76;56;57;255;73;57;58;255;73;57;58;255;73;57;58;255;73;57;58;255;73;57;58;255;73;57;58;255;66;61;65;255;73;68;72;255;71;76;80;255
67;72;76;255;66;66;68;255;64;64;66;255;73;58;55;255;72;57;52;255;76;56;57;255;76;56;57;255;76;56;57;255;76;56;57;255;77;57;59;255;77;57;59;255;77;57;59;255;77;57;59;255;77;57;59;255;77;57;59;255;77;57;59;255;77;57;59;255;77;57;59;255;77;57;59;255;77;57;59;255;77;57;59;255;77;57;59;255;77;57;59;255
71;64;80;255;77;70;86;255;82;80;94;255;67;65;79;255;43;58;65;255;50;65;72;255;69;79;81;255;74;84;86;255;80;69;73;255;69;59;60;255;71;61;69;255;64;54;62;255;73;51;53;255;79;57;59;255;80;61;54;255;79;60;53;255;73;58;51;255;74;59;52;255;83;54;58;255;83;54;58;255;82;53;57;255;82;53;58;255;72;58;58;255
71;59;59;255;71;59;61;255;71;59;61;255;73;59;58;255;73;59;58;255;76;57;59;255;76;57;59;255;76;57;61;255;76;55;60;255;80;55;59;255;80;55;59;255;88;51;59;255;91;51;60;255;75;57;69;255;74;56;68;255;28;80;94;255;40;92;106;255;3;126;141;255;11;134;149;255;1;120;144;255;0;119;143;255;0;130;146;255;4;137;154;255
44;116;131;255;30;102;117;255;60;70;72;255;52;62;64;255;82;56;55;255;81;53;52;255;81;52;57;255;85;56;61;255;68;68;70;255;66;66;68;255;81;54;61;255;79;52;59;255;76;56;57;255;76;56;57;255;73;57;58;255;73;57;58;255;73;57;58;255;73;57;58;255;73;57;58;255;73;57;58;255;67;62;66;255;65;60;64;255;65;70;74;255
76;81;85;255;77;77;79;255;62;62;64;255;68;53;50;255;73;58;55;255;76;56;57;255;75;55;56;255;76;56;57;255;77;57;58;255;77;56;61;255;77;57;59;255;77;57;59;255;77;57;59;255;77;57;59;255;77;57;59;255;77;57;59;255;77;57;59;255;77;57;59;255;77;57;59;255;77;57;59;255;77;57;59;255;77;57;59;255;77;57;59;255
62;64;53;255;60;62;51;255;64;64;56;255;71;72;64;255;73;82;87;255;70;79;84;255;54;66;80;255;52;61;76;255;62;75;84;255;77;89;101;255;45;105;115;255;32;92;102;255;67;60;68;255;64;57;65;255;83;53;51;255;85;55;55;255;73;58;55;255;74;59;56;255;73;58;61;255;72;57;60;255;69;59;58;255;70;60;59;255;69;60;55;255
68;61;55;255;85;52;59;255;85;53;58;255;76;57;59;255;77;57;59;255;73;57;58;255;73;57;58;255;84;53;61;255;84;53;61;255;81;54;61;255;81;54;63;255;69;59;58;255;70;60;59;255;81;56;60;255;80;55;59;255;68;55;65;255;71;57;70;255;44;89;94;255;58;103;106;255;34;86;110;255;40;92;116;255;2;115;149;255;7;119;156;255
12;124;164;255;10;121;164;255;37;98;119;255;26;87;108;255;64;60;61;255;63;59;60;255;80;55;50;255;83;58;53;255;66;65;60;255;65;64;59;255;74;55;61;255;73;54;60;255;78;56;58;255;80;56;56;255;75;56;58;255;76;57;59;255;76;57;59;255;76;57;59;255;76;57;59;255;76;57;59;255;72;60;64;255;66;54;58;255;64;59;65;255
77;72;78;255;78;74;75;255;66;62;63;255;69;55;54;255;74;60;59;255;76;56;57;255;76;56;57;255;76;56;57;255;76;56;57;255;77;57;59;255;77;57;59;255;77;57;59;255;77;57;59;255;77;57;59;255;77;57;59;255;77;57;59;255;77;57;59;255;77;57;59;255;77;57;59;255;77;57;59;255;77;57;59;255;77;57;59;255;77;57;59;255
73;75;64;255;65;67;56;255;66;67;59;255;60;61;53;255;51;60;65;255;60;69;74;255;64;76;90;255;64;76;90;255;58;70;82;255;51;63;75;255;42;102;112;255;33;93;103;255;70;63;71;255;65;58;66;255;83;53;51;255;85;55;55;255;73;58;55;255;71;56;53;255;73;58;61;255;73;58;61;255;70;60;59;255;70;60;59;255;69;60;55;255
69;60;55;255;85;52;59;255;85;52;59;255;76;57;59;255;76;57;59;255;73;57;58;255;73;57;58;255;84;53;61;255;84;53;61;255;81;54;61;255;81;54;63;255;68;58;57;255;67;57;56;255;79;54;58;255;81;56;60;255;69;56;66;255;67;54;64;255;31;76;79;255;37;82;85;255;34;85;112;255;48;100;124;255;8;121;155;255;4;117;151;255
6;118;158;255;11;123;163;255;46;107;128;255;42;100;122;255;66;62;63;255;64;60;61;255;79;54;49;255;80;55;50;255;66;63;58;255;63;62;57;255;74;55;61;255;75;56;62;255;78;56;58;255;80;55;58;255;74;58;59;255;76;57;59;255;76;57;59;255;76;57;59;255;76;57;59;255;76;57;59;255;72;60;64;255;69;57;61;255;63;58;64;255
65;60;66;255;68;64;65;255;70;66;67;255;76;62;61;255;74;60;59;255;76;56;57;255;76;56;57;255;76;56;57;255;76;56;57;255;77;57;59;255;77;57;59;255;77;57;59;255;77;57;59;255;77;57;59;255;77;57;59;255;77;57;59;255;77;57;59;255;77;57;59;255;77;57;59;255;77;57;59;255;77;57;59;255;77;57;59;255;77;57;59;255
70;66;63;255;79;75;74;255;71;71;73;255;69;68;73;255;70;64;74;255;68;62;72;255;62;62;70;255;63;63;71;255;60;74;74;255;67;81;81;255;25;72;90;255;31;76;95;255;58;66;79;255;54;62;75;255;67;56;60;255;69;58;62;255;70;59;57;255;67;55;55;255;78;53;59;255;79;54;60;255;83;53;61;255;83;53;61;255;76;56;57;255
76;56;57;255;75;57;57;255;75;57;57;255;79;54;60;255;79;54;60;255;72;58;58;255;72;58;58;255;82;53;58;255;82;53;58;255;81;54;61;255;81;54;61;255;57;64;57;255;60;67;60;255;66;67;61;255;64;65;59;255;84;53;59;255;84;53;58;255;81;50;56;255;79;48;54;255;42;83;87;255;62;102;104;255;14;131;148;255;7;124;141;255
0;126;164;255;1;129;166;255;1;126;156;255;2;125;156;255;26;99;106;255;17;90;97;255;72;57;62;255;70;55;60;255;91;48;55;255;92;49;56;255;82;53;57;255;80;54;57;255;78;56;58;255;78;56;58;255;76;57;59;255;77;58;60;255;77;57;59;255;77;57;59;255;80;55;59;255;80;55;59;255;79;54;60;255;79;54;60;255;76;55;64;255
75;54;63;255;74;55;61;255;77;58;64;255;80;58;60;255;78;58;59;255;76;56;57;255;76;56;57;255;76;56;57;255;76;56;57;255;77;57;59;255;77;57;59;255;77;57;59;255;77;57;59;255;77;57;59;255;77;57;59;255;77;57;59;255;77;57;59;255;77;57;59;255;77;57;59;255;77;57;59;255;77;57;59;255;77;57;59;255;77;57;59;255
63;59;58;255;59;55;54;255;67;67;69;255;70;70;72;255;74;68;78;255;74;68;78;255;67;67;75;255;63;63;71;255;56;70;70;255;60;75;72;255;49;96;114;255;58;105;123;255;83;91;104;255;68;76;89;255;70;59;63;255;69;58;62;255;71;60;58;255;70;59;57;255;79;54;60;255;79;54;60;255;83;53;61;255;83;53;61;255;76;56;57;255
76;56;57;255;75;57;57;255;75;57;57;255;79;54;60;255;79;54;60;255;72;58;58;255;72;58;58;255;82;53;58;255;82;53;58;255;81;54;61;255;81;54;61;255;61;68;61;255;69;76;69;255;73;74;68;255;63;64;58;255;81;50;55;255;86;55;60;255;87;56;64;255;82;51;57;255;28;67;72;255;51;90;95;255;9;126;143;255;7;124;142;255
0;130;166;255;0;130;166;255;0;124;152;255;0;125;155;255;44;117;124;255;29;102;109;255;76;61;66;255;70;55;60;255;92;49;56;255;94;51;58;255;82;56;59;255;79;53;56;255;78;56;58;255;78;56;58;255;76;57;59;255;76;57;59;255;77;57;59;255;77;57;59;255;80;55;59;255;80;55;59;255;78;53;59;255;76;51;57;255;77;56;65;255
82;61;70;255;79;60;66;255;72;53;57;255;74;52;54;255;78;56;58;255;76;56;57;255;76;56;57;255;76;56;57;255;76;56;57;255;77;57;59;255;77;57;59;255;77;57;59;255;77;57;59;255;77;57;59;255;77;57;59;255;77;57;59;255;77;57;59;255;77;57;59;255;77;57;59;255;77;57;59;255;77;57;59;255;77;57;59;255;77;57;59;255
81;49;62;255;83;51;64;255;87;55;70;255;83;51;66;255;69;54;57;255;72;57;60;255;69;70;65;255;72;73;68;255;67;71;70;255;63;67;66;255;63;64;68;255;67;66;71;255;65;72;80;255;68;75;83;255;75;63;73;255;66;54;64;255;79;50;52;255;84;55;57;255;82;54;53;255;82;54;53;255;81;54;63;255;81;54;63;255;77;54;64;255
77;54;64;255;70;60;59;255;70;60;59;255;79;54;60;255;77;54;60;255;70;59;57;255;70;59;57;255;72;58;55;255;72;58;55;255;77;55;58;255;77;55;58;255;78;57;62;255;79;58;63;255;75;63;63;255;73;61;61;255;74;56;56;255;73;55;55;255;79;54;58;255;81;54;61;255;67;55;59;255;71;56;61;255;39;84;90;255;55;100;105;255
24;120;144;255;20;116;140;255;0;126;159;255;0;130;162;255;4;125;152;255;7;128;155;255;55;90;112;255;35;71;93;255;65;53;57;255;74;62;66;255;68;70;56;255;59;61;47;255;75;57;57;255;76;58;58;255;74;58;61;255;74;58;61;255;75;56;60;255;75;56;60;255;77;55;58;255;77;55;58;255;78;56;59;255;77;55;58;255;76;55;62;255
76;55;62;255;75;56;60;255;75;56;60;255;75;57;57;255;77;57;58;255;76;56;57;255;75;55;56;255;76;56;57;255;76;56;57;255;77;57;59;255;76;56;58;255;77;57;59;255;77;57;59;255;77;57;59;255;77;57;59;255;77;57;59;255;77;57;59;255;77;57;59;255;77;57;59;255;77;57;59;255;77;57;59;255;77;57;59;255;77;57;59;255
84;52;65;255;79;47;60;255;84;52;67;255;83;51;66;255;71;56;59;255;70;55;58;255;61;62;57;255;64;65;60;255;66;70;69;255;69;73;72;255;72;73;78;255;67;68;73;255;59;66;74;255;60;67;75;255;73;61;71;255;70;58;68;255;81;52;54;255;82;53;55;255;82;54;53;255;82;54;53;255;81;54;63;255;81;54;63;255;77;54;64;255
76;55;64;255;70;60;59;255;70;60;59;255;79;54;60;255;79;54;60;255;70;59;57;255;70;59;57;255;72;58;57;255;72;58;55;255;77;55;58;255;77;55;58;255;78;57;62;255;78;57;62;255;72;60;60;255;73;61;61;255;75;57;57;255;74;56;56;255;80;53;58;255;81;54;59;255;69;57;61;255;68;56;60;255;31;76;82;255;41;86;92;255
14;113;136;255;22;118;142;255;0;128;160;255;0;126;159;255;5;126;153;255;6;127;154;255;59;94;116;255;44;79;101;255;69;57;61;255;68;56;60;255;63;65;51;255;64;66;52;255;76;58;58;255;75;57;55;255;76;57;61;255;74;58;61;255;75;56;60;255;75;56;60;255;77;55;58;255;77;55;58;255;77;55;58;255;76;54;57;255;76;55;62;255
76;55;62;255;75;56;60;255;75;56;60;255;75;57;57;255;75;57;57;255;76;56;57;255;76;56;57;255;76;56;57;255;76;56;57;255;77;57;59;255;77;57;59;255;77;57;59;255;77;57;59;255;77;57;59;255;77;57;59;255;77;57;59;255;77;57;59;255;77;57;59;255;77;57;59;255;77;57;59;255;77;57;59;255;77;57;59;255;77;57;59;255
70;59;63;255;73;63;64;255;73;53;55;255;77;56;61;255;84;60;58;255;86;62;60;255;77;61;64;255;76;60;63;255;67;61;73;255;69;63;75;255;47;60;51;255;63;76;67;255;64;97;102;255;67;100;105;255;70;77;95;255;56;63;81;255;75;52;60;255;79;56;64;255;70;61;52;255;70;61;54;255;66;60;60;255;66;60;62;255;77;54;64;255
77;54;64;255;79;54;57;255;79;54;57;255;75;56;62;255;74;55;61;255;82;53;57;255;80;54;57;255;75;57;55;255;76;56;55;255;70;58;58;255;72;58;58;255;82;55;62;255;81;54;61;255;78;55;61;255;78;55;61;255;72;60;62;255;72;60;62;255;73;58;63;255;73;58;63;255;83;54;56;255;81;52;54;255;74;53;58;255;78;57;62;255
49;83;93;255;63;95;106;255;14;120;142;255;12;118;140;255;1;125;159;255;0;126;159;255;16;117;145;255;11;112;140;255;46;82;94;255;34;70;82;255;84;47;55;255;89;52;60;255;78;58;60;255;77;57;59;255;77;56;61;255;77;56;61;255;76;55;60;255;77;56;61;255;76;56;57;255;76;56;57;255;76;56;57;255;76;56;57;255;75;56;60;255
75;56;60;255;73;57;60;255;74;58;61;255;72;58;58;255;72;58;58;255;76;56;57;255;76;56;57;255;77;57;58;255;76;56;57;255;77;57;59;255;77;57;59;255;77;57;59;255;77;57;59;255;77;57;59;255;77;57;59;255;77;57;59;255;77;57;59;255;77;57;59;255;77;57;59;255;77;57;59;255;77;57;59;255;77;57;59;255;77;57;59;255
70;60;61;255;69;59;60;255;81;61;63;255;78;58;60;255;78;54;52;255;77;53;51;255;73;57;60;255;76;60;63;255;70;64;76;255;72;64;77;255;67;80;71;255;55;68;59;255;31;64;69;255;33;66;71;255;59;66;84;255;64;71;89;255;83;60;68;255;76;53;61;255;70;61;54;255;70;61;54;255;66;60;62;255;66;60;62;255;77;54;64;255
76;53;61;255;79;54;57;255;79;54;57;255;75;56;62;255;75;56;62;255;80;54;57;255;80;54;57;255;75;57;55;255;75;57;55;255;72;58;58;255;72;58;58;255;82;55;62;255;80;53;60;255;76;53;59;255;77;54;60;255;71;59;61;255;72;60;62;255;74;59;64;255;73;58;63;255;82;53;55;255;83;54;56;255;78;57;62;255;76;55;60;255
41;73;84;255;51;81;92;255;9;114;136;255;15;121;143;255;0;122;156;255;0;124;158;255;19;121;146;255;20;121;149;255;59;95;107;255;45;81;93;255;89;49;58;255;85;48;56;255;77;57;59;255;77;57;59;255;78;57;62;255;77;56;61;255;77;56;61;255;77;56;61;255;76;56;57;255;76;56;57;255;77;57;56;255;76;56;57;255;75;56;60;255
75;56;60;255;74;58;61;255;74;58;61;255;72;58;58;255;70;58;58;255;76;56;57;255;76;56;57;255;76;56;57;255;76;56;57;255;77;57;59;255;77;57;59;255;77;57;59;255;77;57;59;255;77;57;59;255;77;57;59;255;77;57;59;255;77;57;59;255;77;57;59;255;77;57;59;255;77;57;59;255;77;57;59;255;77;57;59;255;77;57;59;255
59;79;88;255;55;73;83;255;46;65;72;255;46;65;72;255;66;60;70;255;70;64;74;255;80;60;69;255;79;59;68;255;69;58;62;255;65;54;58;255;64;71;77;255;71;78;84;255;47;97;104;255;44;94;101;255;33;86;92;255;25;80;85;255;56;65;70;255;57;66;71;255;76;56;57;255;77;57;58;255;83;52;58;255;83;52;58;255;81;54;61;255
81;54;61;255;70;59;57;255;70;59;57;255;73;58;61;255;73;58;61;255;84;52;57;255;84;52;57;255;83;54;58;255;84;55;59;255;70;60;61;255;70;60;61;255;72;60;62;255;70;58;60;255;71;55;56;255;72;56;57;255;76;58;58;255;77;59;59;255;78;56;59;255;77;55;58;255;77;57;58;255;75;57;57;255;85;54;59;255;86;56;58;255
65;59;61;255;65;59;61;255;38;87;92;255;51;102;106;255;10;122;136;255;12;124;138;255;0;137;156;255;2;134;155;255;19;118;137;255;12;111;130;255;66;67;88;255;55;56;77;255;77;57;59;255;77;57;59;255;79;54;60;255;80;55;61;255;79;54;60;255;79;54;60;255;77;55;57;255;78;56;58;255;76;56;57;255;76;56;57;255;77;57;59;255
77;57;59;255;77;56;61;255;77;56;61;255;77;56;61;255;77;57;59;255;76;56;57;255;76;56;57;255;76;56;57;255;76;56;57;255;77;57;59;255;77;57;59;255;77;57;59;255;77;57;59;255;77;57;59;255;77;57;59;255;77;57;59;255;77;57;59;255;77;57;59;255;77;57;59;255;77;57;59;255;77;57;59;255;77;57;59;255;77;57;59;255
57;75;85;255;62;80;90;255;71;90;97;255;65;84;91;255;72;66;78;255;61;55;65;255;65;45;54;255;70;50;61;255;74;63;67;255;82;71;75;255;57;64;70;255;57;66;71;255;35;85;92;255;51;101;108;255;65;118;124;255;63;116;122;255;71;80;87;255;48;57;62;255;76;56;57;255;75;57;57;255;84;53;59;255;83;52;58;255;81;54;61;255
81;54;61;255;70;59;57;255;70;59;57;255;73;58;61;255;73;58;61;255;84;52;57;255;84;52;57;255;83;54;58;255;83;54;58;255;70;60;61;255;70;60;61;255;72;60;62;255;70;58;60;255;73;57;58;255;73;57;58;255;76;58;58;255;76;58;58;255;77;55;58;255;77;55;58;255;79;59;60;255;73;53;54;255;81;50;55;255;85;54;59;255
66;60;62;255;62;56;58;255;29;78;83;255;38;89;93;255;11;123;137;255;16;128;140;255;0;135;155;255;0;131;150;255;16;115;134;255;17;116;135;255;75;76;97;255;61;62;83;255;77;57;59;255;77;57;58;255;79;53;62;255;79;54;60;255;79;54;60;255;79;54;60;255;77;55;57;255;78;56;58;255;76;56;57;255;76;56;57;255;77;57;59;255
77;57;59;255;77;56;61;255;77;56;61;255;77;57;59;255;77;57;59;255;77;55;57;255;76;56;57;255;76;56;57;255;76;56;57;255;77;57;59;255;77;57;59;255;77;57;59;255;77;57;59;255;77;57;59;255;77;57;59;255;77;57;59;255;77;57;59;255;77;57;59;255;77;57;59;255;77;57;59;255;77;57;59;255;77;57;59;255;77;57;59;255
68;56;58;255;70;58;60;255;67;61;65;255;73;68;72;255;65;85;92;255;70;90;97;255;60;90;101;255;51;81;92;255;49;67;81;255;42;60;74;255;72;65;73;255;74;67;75;255;59;72;80;255;52;62;71;255;44;61;68;255;45;62;69;255;66;61;67;255;68;63;69;255;80;54;57;255;81;55;58;255;77;56;53;255;76;55;52;255;74;58;58;255
74;58;58;255;81;54;61;255;81;54;59;255;75;56;60;255;75;56;60;255;76;58;58;255;76;57;59;255;76;57;59;255;76;57;59;255;74;58;61;255;74;58;61;255;77;58;62;255;76;57;61;255;79;58;57;255;78;57;56;255;77;58;54;255;76;57;53;255;71;57;54;255;72;58;57;255;82;57;63;255;78;53;59;255;67;56;62;255;69;58;62;255
77;55;58;255;75;53;56;255;78;54;54;255;81;55;56;255;46;90;99;255;55;99;108;255;8;123;152;255;6;121;150;255;3;117;151;255;4;118;152;255;21;110;126;255;14;103;119;255;71;59;59;255;71;59;59;255;74;58;61;255;74;58;61;255;78;57;62;255;77;56;61;255;74;58;58;255;74;58;58;255;72;58;55;255;72;58;55;255;75;57;57;255
75;57;57;255;79;54;60;255;79;54;60;255;81;54;59;255;83;54;59;255;76;56;57;255;76;56;57;255;76;56;57;255;76;56;57;255;76;57;59;255;77;57;59;255;77;57;59;255;77;57;59;255;77;57;59;255;77;57;59;255;77;57;59;255;77;57;59;255;77;57;59;255;77;57;59;255;77;57;59;255;77;57;59;255;77;57;59;255;77;57;59;255
75;63;65;255;72;60;62;255;67;62;66;255;62;57;61;255;43;63;70;255;50;69;76;255;50;80;91;255;56;86;96;255;66;84;98;255;64;82;96;255;63;56;64;255;70;63;71;255;64;74;84;255;67;77;86;255;65;82;89;255;66;83;90;255;76;71;77;255;68;63;67;255;80;54;57;255;78;53;56;255;77;56;53;255;77;56;53;255;74;58;58;255
76;58;58;255;81;54;61;255;81;54;61;255;75;56;60;255;75;56;60;255;76;57;59;255;76;57;59;255;77;58;60;255;76;57;61;255;74;58;61;255;74;58;61;255;76;57;61;255;77;58;62;255;80;59;58;255;80;59;58;255;76;57;53;255;75;56;52;255;71;57;54;255;73;59;56;255;79;53;62;255;81;55;64;255;72;61;67;255;70;59;65;255
76;54;57;255;78;56;59;255;80;56;56;255;78;54;54;255;27;71;80;255;44;88;97;255;7;122;151;255;11;126;155;255;6;120;154;255;5;119;153;255;24;116;131;255;26;115;131;255;71;59;59;255;71;59;59;255;74;58;61;255;74;58;61;255;77;56;61;255;77;56;61;255;73;57;57;255;74;58;58;255;72;58;55;255;72;58;55;255;75;57;57;255
75;57;57;255;79;54;60;255;79;54;60;255;81;54;59;255;81;54;59;255;76;56;57;255;76;56;57;255;76;56;57;255;76;56;57;255;77;57;59;255;77;57;59;255;77;57;59;255;77;57;59;255;77;57;59;255;77;57;59;255;77;57;59;255;77;57;59;255;77;57;59;255;77;57;59;255;77;57;59;255;77;57;59;255;77;57;59;255;77;57;59;255
79;59;58;255;80;60;59;255;69;60;51;255;70;61;52;255;71;58;52;255;70;57;51;255;69;57;59;255;73;61;63;255;65;72;78;255;71;78;84;255;47;104;124;255;34;91;111;255;44;70;83;255;42;68;81;255;53;78;83;255;67;92;97;255;63;107;110;255;65;110;113;255;70;62;75;255;64;58;70;255;87;48;51;255;88;52;54;255;71;62;53;255
70;61;52;255;70;57;66;255;71;58;67;255;78;56;58;255;78;56;58;255;72;58;58;255;72;58;58;255;78;55;61;255;77;56;61;255;74;57;63;255;75;56;62;255;64;66;65;255;73;75;74;255;75;66;67;255;66;57;58;255;80;55;59;255;81;56;60;255;73;55;55;255;75;57;57;255;73;58;55;255;73;58;55;255;73;57;60;255;73;57;60;255
75;56;62;255;75;56;62;255;81;54;61;255;81;54;61;255;71;60;66;255;68;57;63;255;41;88;96;255;62;109;117;255;23;126;145;255;11;114;133;255;3;119;158;255;18;134;175;255;42;86;99;255;41;85;98;255;53;71;93;255;44;62;84;255;93;61;62;255;79;47;48;255;73;61;61;255;74;62;62;255;69;60;63;255;69;60;63;255;86;52;50;255
86;53;48;255;73;58;63;255;73;58;61;255;81;54;61;255;81;54;61;255;77;57;59;255;77;57;59;255;77;57;59;255;77;57;59;255;77;57;59;255;77;57;59;255;77;57;59;255;77;57;59;255;77;57;59;255;77;57;59;255;77;57;59;255;77;57;59;255;77;57;59;255;77;57;59;255;77;57;59;255;77;57;59;255;77;57;59;255;77;57;59;255
75;55;54;255;74;54;53;255;72;63;54;255;74;65;56;255;77;64;58;255;75;62;56;255;71;59;61;255;69;57;59;255;56;63;69;255;57;64;70;255;28;85;105;255;40;97;117;255;70;96;109;255;61;87;100;255;42;67;72;255;34;59;64;255;28;72;73;255;40;84;87;255;66;60;72;255;64;58;70;255;90;51;54;255;93;54;57;255;73;64;55;255
70;61;52;255;70;57;66;255;72;59;68;255;78;56;58;255;78;56;58;255;72;58;58;255;72;58;58;255;79;56;62;255;77;56;61;255;74;57;63;255;74;57;63;255;63;65;64;255;71;73;72;255;74;65;66;255;66;57;58;255;80;55;59;255;81;56;60;255;73;55;55;255;76;58;58;255;73;58;55;255;73;58;55;255;74;58;61;255;74;58;61;255
75;56;62;255;75;56;62;255;80;53;60;255;81;54;63;255;71;60;66;255;68;57;63;255;33;80;88;255;48;95;103;255;14;116;138;255;14;117;136;255;2;120;158;255;7;123;162;255;56;100;113;255;37;81;94;255;75;93;115;255;51;69;91;255;79;47;50;255;87;55;56;255;72;60;60;255;70;58;58;255;69;60;63;255;69;60;63;255;86;53;48;255
87;52;48;255;73;58;63;255;73;58;63;255;81;54;63;255;81;54;61;255;77;57;59;255;77;57;59;255;77;57;59;255;77;57;59;255;77;57;59;255;77;57;59;255;77;57;59;255;77;57;59;255;77;57;59;255;77;57;59;255;77;57;59;255;77;57;59;255;77;57;59;255;77;57;59;255;77;57;59;255;77;57;59;255;77;57;59;255;77;57;59;255
72;53;57;255;74;55;59;255;74;57;67;255;74;57;67;255;81;50;68;255;80;49;67;255;81;50;65;255;84;53;68;255;73;67;67;255;78;72;72;255;60;57;64;255;66;63;70;255;60;79;83;255;70;89;93;255;52;105;113;255;50;103;111;255;18;107;115;255;11;100;108;255;34;94;102;255;25;85;93;255;63;58;62;255;61;56;60;255;78;52;53;255
80;54;55;255;85;55;63;255;85;55;63;255;78;56;58;255;78;56;58;255;73;57;58;255;73;57;58;255;78;55;61;255;78;55;61;255;75;56;62;255;75;56;62;255;63;61;62;255;71;69;70;255;73;63;64;255;67;57;58;255;81;54;59;255;82;55;60;255;75;55;56;255;77;57;58;255;83;50;59;255;84;51;60;255;77;57;56;255;77;58;54;255
74;59;54;255;74;59;54;255;75;56;62;255;73;56;62;255;77;54;62;255;77;54;62;255;70;57;64;255;74;61;68;255;44;88;97;255;53;100;108;255;4;127;142;255;5;128;143;255;37;117;144;255;8;88;115;255;41;114;123;255;30;103;112;255;63;54;71;255;67;58;75;255;70;65;62;255;67;59;57;255;92;49;58;255;92;49;58;255;58;64;64;255
58;64;64;255;90;50;59;255;90;50;59;255;70;61;54;255;70;61;56;255;77;57;59;255;77;57;59;255;77;57;59;255;77;57;59;255;77;57;59;255;77;57;59;255;77;57;59;255;77;57;59;255;77;57;59;255;77;57;59;255;77;57;59;255;77;57;59;255;77;57;59;255;77;57;59;255;77;57;59;255;77;57;59;255;77;57;59;255;77;57;59;255
77;58;62;255;73;54;58;255;71;54;64;255;73;56;66;255;83;52;70;255;84;53;71;255;84;53;68;255;82;51;66;255;66;60;60;255;66;60;60;255;78;75;82;255;72;69;76;255;48;67;71;255;45;64;68;255;26;79;87;255;37;90;98;255;25;114;122;255;32;121;129;255;54;114;122;255;39;99;107;255;69;64;68;255;62;57;61;255;80;54;55;255
83;57;58;255;84;54;62;255;81;51;59;255;78;56;58;255;78;56;58;255;73;57;58;255;73;57;58;255;78;55;61;255;78;55;61;255;75;56;62;255;75;56;62;255;63;61;62;255;70;66;67;255;72;62;63;255;68;58;59;255;81;54;59;255;82;55;60;255;76;56;57;255;78;58;59;255;84;51;60;255;84;51;60;255;77;58;54;255;77;58;54;255
74;59;54;255;74;59;54;255;74;55;61;255;75;56;62;255;75;52;60;255;78;55;63;255;71;58;65;255;67;54;61;255;28;75;83;255;41;88;96;255;4;127;142;255;15;138;153;255;35;116;143;255;13;93;120;255;18;91;100;255;41;114;123;255;87;78;95;255;62;53;70;255;71;66;63;255;69;61;59;255;92;49;58;255;92;49;58;255;59;65;65;255
58;64;64;255;90;50;59;255;90;50;59;255;70;61;54;255;70;61;54;255;77;57;59;255;77;57;59;255;77;57;59;255;77;57;59;255;77;57;58;255;77;57;59;255;77;57;59;255;77;57;59;255;77;57;59;255;77;57;59;255;77;57;59;255;77;57;59;255;77;57;59;255;77;57;59;255;77;57;59;255;77;57;59;255;77;57;59;255;77;57;59;255
48;90;88;255;45;87;85;255;36;75;70;255;35;74;69;255;53;63;64;255;52;62;63;255;71;54;60;255;72;55;61;255;79;58;63;255;81;60;65;255;76;47;51;255;85;56;61;255;75;73;74;255;76;74;75;255;70;64;76;255;65;57;68;255;53;60;76;255;56;63;79;255;63;80;87;255;58;75;82;255;77;58;64;255;75;56;62;255;86;54;57;255
87;55;58;255;68;61;55;255;64;57;51;255;78;56;58;255;78;56;58;255;76;57;59;255;75;56;58;255;81;54;61;255;81;54;61;255;78;55;61;255;78;55;61;255;68;58;59;255;71;61;62;255;75;59;62;255;72;56;59;255;81;54;59;255;83;54;59;255;76;56;57;255;78;58;59;255;77;56;61;255;78;57;62;255;73;58;55;255;72;57;54;255
80;54;57;255;81;55;56;255;78;55;61;255;80;55;61;255;75;57;57;255;76;56;57;255;90;51;52;255;87;48;49;255;68;53;60;255;74;59;66;255;36;100;102;255;52;116;118;255;25;125;149;255;12;112;136;255;22;68;83;255;50;96;111;255;41;120;133;255;11;90;103;255;79;45;61;255;88;54;70;255;75;58;50;255;75;58;50;255;79;52;71;255
79;52;71;255;74;58;58;255;74;58;58;255;73;58;55;255;75;57;55;255;77;57;59;255;77;57;59;255;77;57;59;255;77;57;59;255;77;57;59;255;77;57;59;255;77;57;59;255;77;57;59;255;77;57;59;255;77;57;59;255;77;57;59;255;77;57;59;255;77;57;59;255;77;57;59;255;77;57;59;255;77;57;59;255;77;57;59;255;77;57;59;255
44;86;84;255;49;91;89;255;59;98;93;255;56;95;90;255;68;78;79;255;62;72;73;255;75;58;64;255;72;55;61;255;73;52;57;255;72;51;56;255;84;55;59;255;82;53;57;255;62;60;61;255;64;62;63;255;70;64;76;255;74;68;80;255;65;72;88;255;65;72;88;255;55;72;79;255;58;75;82;255;83;64;70;255;78;59;65;255;82;50;53;255
82;50;53;255;69;62;56;255;72;65;59;255;78;56;58;255;78;56;58;255;76;57;59;255;76;57;59;255;81;54;61;255;81;54;61;255;78;55;61;255;78;55;61;255;69;59;60;255;70;60;61;255;74;58;61;255;74;58;59;255;81;54;59;255;81;54;59;255;75;55;56;255;77;57;58;255;77;56;61;255;77;56;61;255;73;58;55;255;73;58;55;255
81;55;56;255;81;55;56;255;78;55;61;255;78;55;61;255;76;58;58;255;72;54;54;255;88;49;50;255;91;52;53;255;73;58;65;255;71;56;63;255;24;85;88;255;30;94;96;255;26;126;150;255;21;121;145;255;36;82;97;255;34;80;95;255;34;113;126;255;33;112;125;255;73;41;54;255;87;53;69;255;75;58;50;255;75;58;50;255;80;51;71;255
79;52;71;255;74;59;56;255;73;57;57;255;74;59;56;255;73;58;55;255;77;57;59;255;77;57;59;255;76;57;59;255;77;57;59;255;76;57;59;255;77;57;59;255;77;57;59;255;77;57;59;255;77;57;59;255;77;57;59;255;77;57;59;255;77;57;59;255;77;57;59;255;77;57;59;255;77;57;59;255;77;57;59;255;77;57;59;255;77;57;59;255
79;47;70;255;77;45;68;255;77;56;71;255;82;61;76;255;72;79;87;255;78;85;93;255;64;93;99;255;56;85;93;255;42;78;90;255;36;72;84;255;57;59;71;255;61;63;75;255;57;73;73;255;58;74;74;255;71;65;67;255;69;63;65;255;72;61;65;255;73;62;66;255;72;88;88;255;73;89;89;255;74;81;89;255;64;71;79;255;75;54;63;255
75;54;63;255;78;57;54;255;81;60;57;255;76;56;57;255;76;56;57;255;77;57;59;255;77;57;59;255;81;54;59;255;81;54;59;255;79;54;60;255;79;54;60;255;73;58;61;255;72;57;60;255;77;58;60;255;78;59;61;255;80;55;59;255;79;54;58;255;75;57;57;255;76;58;58;255;73;58;55;255;73;58;55;255;72;57;64;255;72;57;64;255
81;53;67;255;81;53;67;255;79;54;57;255;80;54;57;255;72;62;53;255;69;59;50;255;76;54;56;255;80;58;60;255;86;54;65;255;83;51;62;255;68;58;59;255;68;59;62;255;40;95;100;255;51;106;111;255;85;72;89;255;76;63;80;255;6;108;113;255;25;127;132;255;62;69;88;255;53;60;79;255;70;61;52;255;70;61;52;255;95;47;59;255
95;47;59;255;61;63;62;255;61;62;64;255;83;53;63;255;83;53;63;255;77;57;59;255;77;57;59;255;77;57;59;255;77;57;59;255;77;57;59;255;77;57;59;255;77;57;59;255;77;57;59;255;77;57;59;255;77;57;59;255;77;57;59;255;77;57;59;255;77;57;59;255;77;57;59;255;77;57;59;255;77;57;59;255;77;57;59;255;77;57;59;255
84;52;75;255;85;53;76;255;72;51;66;255;72;51;66;255;54;61;69;255;57;64;72;255;47;76;82;255;55;84;90;255;56;94;105;255;58;96;107;255;76;78;90;255;67;69;81;255;48;64;64;255;45;61;61;255;65;59;61;255;71;65;67;255;78;67;71;255;78;67;71;255;49;65;65;255;49;65;65;255;54;61;69;255;51;60;67;255;73;53;62;255
78;58;67;255;77;56;53;255;72;51;48;255;76;56;57;255;77;55;57;255;77;57;59;255;78;58;60;255;81;54;59;255;81;54;59;255;79;54;60;255;79;54;60;255;73;58;61;255;72;57;60;255;77;58;60;255;79;60;62;255;80;55;59;255;79;54;58;255;75;57;57;255;75;57;57;255;73;58;55;255;73;58;55;255;72;57;64;255;73;58;65;255
81;53;67;255;81;53;67;255;79;53;56;255;79;54;57;255;70;60;51;255;70;60;51;255;78;56;58;255;79;54;57;255;83;51;62;255;83;51;62;255;70;60;61;255;71;61;62;255;15;70;73;255;43;98;103;255;77;64;81;255;89;76;93;255;3;105;110;255;18;120;124;255;86;93;112;255;49;56;75;255;70;61;52;255;70;61;52;255;95;47;59;255
95;47;59;255;61;63;62;255;62;62;62;255;82;52;62;255;83;53;63;255;77;57;59;255;77;57;59;255;77;57;59;255;77;57;59;255;77;57;59;255;77;57;59;255;77;57;59;255;77;57;59;255;77;57;59;255;77;57;59;255;77;57;59;255;77;57;59;255;77;57;59;255;77;57;59;255;77;57;59;255;77;57;59;255;77;57;59;255;77;57;59;255
64;61;52;255;66;63;54;255;67;64;57;255;66;63;58;255;66;61;58;255;65;60;57;255;71;57;56;255;73;57;57;255;85;53;54;255;86;54;55;255;63;72;81;255;71;81;90;255;71;90;96;255;66;85;91;255;51;75;79;255;44;68;72;255;47;69;80;255;53;75;86;255;43;89;102;255;50;96;109;255;50;107;118;255;47;104;115;255;60;77;85;255
45;62;70;255;77;48;52;255;84;55;59;255;76;57;59;255;76;57;59;255;77;57;59;255;77;57;59;255;80;55;59;255;80;55;59;255;77;55;58;255;77;55;58;255;73;57;58;255;73;57;58;255;77;57;59;255;77;57;59;255;77;55;58;255;77;55;58;255;73;57;58;255;74;58;59;255;81;51;53;255;84;54;56;255;82;56;67;255;79;53;64;255
71;56;63;255;72;56;66;255;75;59;59;255;75;59;59;255;77;56;55;255;77;56;55;255;76;55;62;255;76;55;62;255;74;57;63;255;74;57;63;255;77;56;55;255;77;56;55;255;75;61;60;255;68;54;53;255;71;59;61;255;78;66;68;255;53;63;75;255;73;83;95;255;28;130;134;255;0;99;104;255;79;41;62;255;90;52;73;255;65;66;48;255
59;60;42;255;81;53;68;255;83;55;70;255;74;55;59;255;77;58;62;255;77;57;59;255;77;57;59;255;77;57;59;255;77;57;59;255;77;57;59;255;77;57;59;255;77;57;59;255;77;57;59;255;77;57;59;255;77;57;59;255;77;57;59;255;77;57;59;255;77;57;59;255;77;57;59;255;77;57;59;255;77;57;59;255;77;57;59;255;77;57;59;255
69;69;59;255;67;64;55;255;60;57;50;255;62;59;52;255;68;63;60;255;71;66;63;255;78;62;62;255;76;60;60;255;85;53;54;255;83;51;52;255;54;63;72;255;53;61;72;255;48;69;74;255;58;77;83;255;64;88;92;255;68;89;94;255;59;81;92;255;52;74;85;255;28;74;87;255;34;81;91;255;36;93;104;255;40;97;108;255;63;80;88;255
54;71;79;255;83;54;58;255;85;56;61;255;76;57;59;255;76;57;59;255;77;57;59;255;77;57;59;255;80;55;59;255;80;55;59;255;77;55;58;255;77;55;58;255;75;56;58;255;73;57;58;255;77;57;59;255;76;56;58;255;76;54;57;255;77;55;58;255;73;57;58;255;73;57;58;255;83;53;55;255;80;50;52;255;81;55;66;255;83;57;68;255
72;56;66;255;72;56;66;255;76;60;60;255;74;58;58;255;77;56;55;255;79;55;55;255;76;55;62;255;77;54;62;255;74;57;63;255;74;57;63;255;77;56;55;255;77;56;55;255;71;57;56;255;74;60;59;255;74;62;62;255;74;62;64;255;51;61;73;255;61;71;83;255;21;123;128;255;21;123;127;255;83;45;66;255;82;44;65;255;62;63;45;255
66;67;49;255;79;52;67;255;78;50;65;255;74;55;59;255;76;57;61;255;77;57;59;255;77;57;59;255;77;57;59;255;77;57;59;255;77;57;59;255;76;57;59;255;77;57;59;255;77;57;59;255;77;57;59;255;77;57;59;255;77;57;59;255;77;57;59;255;77;57;59;255;77;57;59;255;77;57;59;255;77;57;59;255;77;57;59;255;77;57;59;255
73;84;88;255;75;86;90;255;75;73;78;255;71;69;74;255;80;57;65;255;75;52;60;255;71;52;54;255;73;53;55;255;67;60;54;255;68;61;55;255;79;61;61;255;74;56;56;255;71;51;60;255;71;51;60;255;66;60;70;255;72;66;76;255;78;67;83;255;78;70;85;255;77;75;89;255;72;70;84;255;45;76;79;255;44;75;78;255;51;72;75;255
48;69;72;255;70;57;64;255;72;59;66;255;76;57;61;255;76;57;59;255;77;55;58;255;77;55;58;255;77;55;58;255;77;55;58;255;76;57;59;255;76;57;59;255;76;57;59;255;76;57;59;255;78;58;60;255;77;57;59;255;77;57;59;255;77;57;59;255;73;57;58;255;73;57;58;255;72;60;62;255;67;55;57;255;79;54;57;255;83;58;61;255
76;56;57;255;75;55;56;255;77;61;64;255;73;57;60;255;80;53;60;255;81;54;61;255;79;54;57;255;80;54;57;255;73;59;56;255;73;59;58;255;77;57;59;255;77;57;59;255;79;49;51;255;88;57;62;255;69;61;59;255;68;60;58;255;83;52;57;255;81;51;53;255;30;96;108;255;53;119;131;255;68;76;97;255;50;58;79;255;61;59;47;255
70;68;56;255;81;53;67;255;78;50;64;255;72;59;51;255;72;59;51;255;77;57;59;255;76;57;59;255;77;57;58;255;77;57;59;255;77;57;58;255;77;57;59;255;77;57;59;255;77;57;59;255;77;57;59;255;77;57;59;255;77;57;59;255;77;57;59;255;77;57;59;255;77;57;59;255;77;57;59;255;77;57;59;255;77;57;59;255;77;57;59;255
51;62;66;255;52;63;67;255;69;67;72;255;69;67;72;255;83;60;68;255;83;60;68;255;82;62;64;255;80;59;64;255;70;63;57;255;70;63;57;255;69;50;52;255;74;56;56;255;80;60;69;255;79;59;68;255;64;58;68;255;62;56;66;255;69;58;74;255;73;62;78;255;74;72;86;255;73;71;85;255;52;83;86;255;56;87;92;255;67;88;91;255
63;84;89;255;77;64;71;255;71;58;65;255;76;57;59;255;76;57;59;255;77;55;58;255;77;55;58;255;77;55;58;255;78;56;59;255;77;56;61;255;76;57;59;255;76;57;59;255;76;57;59;255;77;57;59;255;77;57;59;255;77;57;59;255;77;57;59;255;73;57;58;255;73;57;58;255;72;60;62;255;75;63;65;255;82;57;60;255;78;53;56;255
76;56;57;255;77;59;59;255;74;58;61;255;72;56;59;255;81;54;61;255;81;54;61;255;79;54;57;255;79;54;57;255;74;60;59;255;73;59;58;255;77;57;59;255;77;57;59;255;82;52;54;255;85;55;57;255;66;58;56;255;67;59;57;255;86;55;60;255;80;49;54;255;15;81;93;255;32;98;110;255;86;94;117;255;62;70;91;255;61;59;47;255
64;62;50;255;81;53;67;255;81;53;67;255;74;61;53;255;72;59;51;255;77;57;59;255;77;57;59;255;77;57;59;255;77;57;59;255;77;57;58;255;77;57;59;255;77;57;59;255;77;57;59;255;77;57;59;255;77;57;59;255;77;57;59;255;77;57;59;255;77;57;59;255;77;57;59;255;77;57;59;255;77;57;59;255;77;57;59;255;77;57;59;255
18;86;105;255;11;79;98;255;34;60;75;255;36;62;77;255;65;55;64;255;67;57;66;255;77;56;61;255;78;57;62;255;78;58;60;255;79;58;63;255;74;58;59;255;74;58;59;255;85;56;60;255;85;56;60;255;73;62;58;255;73;59;56;255;76;57;53;255;74;55;51;255;73;47;46;255;74;48;47;255;68;57;53;255;71;60;56;255;78;62;65;255
78;62;65;255;77;55;67;255;71;49;61;255;77;55;58;255;77;55;58;255;80;55;59;255;80;55;59;255;76;56;57;255;76;56;57;255;74;58;58;255;74;58;58;255;75;57;57;255;75;57;57;255;78;56;58;255;78;56;58;255;77;57;59;255;77;57;59;255;76;57;59;255;76;57;59;255;55;65;67;255;70;80;81;255;70;66;67;255;58;54;55;255
78;56;58;255;81;59;61;255;78;51;56;255;80;53;58;255;76;57;59;255;76;57;59;255;75;57;55;255;75;57;57;255;79;55;55;255;79;55;55;255;83;54;58;255;83;54;58;255;76;60;63;255;71;55;58;255;75;54;53;255;77;56;55;255;74;60;59;255;74;60;59;255;73;50;70;255;72;49;69;255;55;99;100;255;48;92;93;255;88;52;64;255
81;45;57;255;65;62;57;255;67;64;59;255;80;54;53;255;82;56;57;255;77;57;59;255;77;57;59;255;77;57;59;255;77;57;59;255;77;57;59;255;78;56;59;255;77;57;59;255;77;57;59;255;77;57;59;255;77;57;59;255;77;57;59;255;77;57;59;255;77;57;59;255;77;57;59;255;77;57;59;255;77;57;59;255;77;57;59;255;77;57;59;255
44;112;131;255;43;111;130;255;61;87;102;255;57;83;98;255;78;68;76;255;71;61;70;255;75;54;59;255;74;53;58;255;74;53;58;255;75;54;59;255;79;63;64;255;75;59;60;255;79;50;54;255;77;48;52;255;68;54;51;255;71;57;54;255;78;59;55;255;80;61;57;255;88;62;61;255;86;60;59;255;71;60;56;255;67;56;52;255;71;55;58;255
76;60;63;255;84;62;74;255;85;63;75;255;77;55;58;255;77;55;58;255;80;55;59;255;80;55;59;255;76;56;57;255;76;56;57;255;74;58;58;255;74;58;58;255;75;57;57;255;75;57;57;255;78;56;58;255;78;56;58;255;76;56;58;255;77;57;59;255;76;57;59;255;76;57;59;255;56;65;70;255;71;81;83;255;73;69;70;255;60;56;57;255
78;56;58;255;79;59;58;255;80;51;56;255;81;54;59;255;76;57;59;255;76;57;59;255;75;57;57;255;75;57;57;255;79;55;55;255;79;55;55;255;83;54;58;255;83;54;58;255;76;60;63;255;70;54;57;255;79;58;57;255;77;56;55;255;70;56;55;255;75;61;60;255;77;54;74;255;72;49;69;255;32;76;77;255;44;88;89;255;93;57;71;255
83;47;59;255;64;61;56;255;66;61;57;255;79;53;54;255;85;59;60;255;77;57;59;255;77;57;59;255;77;57;59;255;77;57;59;255;77;57;59;255;77;57;59;255;77;57;59;255;77;57;59;255;77;57;59;255;77;57;59;255;77;57;59;255;77;57;59;255;77;57;59;255;77;57;59;255;77;57;59;255;77;57;59;255;77;57;59;255;77;57;59;255
78;69;74;255;82;73;78;255;79;89;101;255;81;91;103;255;53;105;116;255;51;103;114;255;40;104;114;255;31;95;105;255;41;79;98;255;36;74;93;255;48;58;70;255;51;61;73;255;74;57;65;255;75;58;66;255;77;59;57;255;76;58;56;255;78;56;58;255;78;56;58;255;71;48;54;255;76;53;59;255;78;55;61;255;78;55;61;255;82;57;63;255
86;59;66;255;67;67;65;255;65;65;63;255;80;55;59;255;80;55;59;255;81;54;59;255;81;54;59;255;76;56;57;255;76;56;57;255;74;58;58;255;74;58;58;255;76;56;57;255;76;56;57;255;79;54;57;255;79;55;55;255;77;55;58;255;77;55;58;255;77;57;59;255;77;56;61;255;68;60;71;255;72;64;75;255;63;73;85;255;61;71;81;255
69;59;68;255;65;58;66;255;83;55;52;255;83;55;52;255;73;60;52;255;73;60;52;255;71;58;65;255;71;58;65;255;81;54;63;255;81;54;63;255;77;59;49;255;77;59;49;255;77;59;59;255;71;53;53;255;77;62;55;255;74;59;52;255;82;48;65;255;87;53;70;255;80;56;56;255;82;58;58;255;69;50;52;255;80;61;63;255;81;63;75;255
75;57;69;255;67;57;47;255;69;61;50;255;82;51;69;255;82;53;71;255;77;57;59;255;77;57;59;255;76;56;58;255;77;57;59;255;77;57;59;255;77;57;59;255;77;57;59;255;77;57;59;255;77;57;59;255;77;57;59;255;77;57;59;255;77;57;59;255;77;57;59;255;77;57;59;255;77;57;59;255;77;57;59;255;77;57;59;255;77;57;59;255
65;56;61;255;67;58;63;255;48;58;70;255;51;61;73;255;29;79;90;255;33;85;96;255;32;96;106;255;36;100;110;255;57;95;114;255;61;99;118;255;79;89;101;255;69;79;91;255;78;61;69;255;72;55;63;255;74;56;54;255;75;57;55;255;77;55;57;255;75;53;55;255;79;57;60;255;80;57;63;255;78;55;61;255;74;51;57;255;78;51;58;255
83;56;63;255;65;65;63;255;62;62;60;255;80;55;59;255;80;55;59;255;81;54;59;255;81;54;59;255;76;56;57;255;76;56;55;255;74;58;58;255;74;58;58;255;76;56;57;255;76;56;57;255;77;55;57;255;79;54;57;255;77;55;58;255;77;55;58;255;77;57;59;255;77;57;59;255;69;61;72;255;61;53;64;255;62;72;82;255;72;82;92;255
67;60;68;255;62;55;63;255;86;58;55;255;81;56;52;255;73;60;52;255;73;60;52;255;71;58;65;255;70;57;64;255;81;54;63;255;82;55;64;255;78;58;49;255;77;59;49;255;78;60;60;255;73;55;55;255;75;60;53;255;73;58;51;255;86;52;69;255;86;52;69;255;74;50;48;255;82;58;58;255;75;57;57;255;74;55;57;255;76;58;70;255
77;57;69;255;66;56;46;255;71;61;51;255;86;55;73;255;78;47;65;255;77;57;59;255;77;57;59;255;77;57;59;255;77;57;59;255;76;56;57;255;77;57;59;255;77;57;59;255;77;57;59;255;77;57;59;255;77;57;59;255;77;57;59;255;77;57;59;255;77;57;59;255;77;57;59;255;77;57;59;255;77;57;59;255;77;57;59;255;77;57;59;255
78;54;54;255;78;54;54;255;77;56;55;255;76;55;54;255;73;53;54;255;72;52;53;255;74;54;56;255;75;55;57;255;78;56;59;255;79;57;60;255;70;77;83;255;71;78;84;255;63;86;92;255;64;87;93;255;55;88;95;255;51;84;91;255;54;77;83;255;51;74;80;255;61;60;65;255;62;61;66;255;74;57;63;255;73;56;62;255;71;54;62;255
74;57;65;255;76;66;75;255;81;71;80;255;75;76;81;255;65;64;70;255;75;50;56;255;77;52;58;255;83;58;54;255;83;57;56;255;77;59;55;255;76;58;54;255;80;55;59;255;80;55;59;255;78;55;63;255;78;55;63;255;72;56;57;255;73;57;58;255;77;56;53;255;77;56;53;255;80;57;51;255;73;49;45;255;13;89;115;255;37;114;140;255
74;79;108;255;48;53;82;255;65;58;52;255;71;64;58;255;82;52;60;255;84;54;62;255;80;60;59;255;78;59;55;255;82;57;52;255;84;56;52;255;71;59;63;255;70;58;62;255;77;57;59;255;77;57;59;255;76;56;58;255;77;57;59;255;77;57;58;255;77;57;59;255;77;57;59;255;77;57;59;255;77;57;59;255;77;57;59;255;76;56;58;255
77;57;59;255;77;57;58;255;77;57;59;255;77;57;59;255;77;57;59;255;77;57;59;255;77;57;59;255;77;57;59;255;77;57;59;255;77;57;59;255;77;57;59;255;77;57;59;255;77;57;59;255;77;57;59;255;77;57;59;255;77;57;59;255;77;57;59;255;77;57;59;255;77;57;59;255;77;57;59;255;77;57;59;255;77;57;59;255;77;57;59;255
79;55;55;255;80;56;56;255;77;56;55;255;78;57;56;255;79;59;60;255;81;61;62;255;82;62;64;255;79;59;61;255;77;55;58;255;75;53;56;255;51;58;64;255;53;60;66;255;46;69;75;255;50;73;79;255;45;78;85;255;47;80;87;255;55;78;84;255;55;78;86;255;75;73;78;255;73;72;77;255;82;65;71;255;77;60;66;255;72;55;63;255
70;53;61;255;68;58;67;255;70;60;69;255;61;62;67;255;57;58;63;255;77;52;58;255;79;54;60;255;84;56;55;255;80;54;53;255;75;57;53;255;77;59;55;255;80;55;59;255;80;55;59;255;79;56;64;255;78;55;63;255;73;57;58;255;73;57;58;255;77;56;53;255;77;56;53;255;79;56;50;255;78;55;49;255;12;89;115;255;40;117;143;255
88;93;123;255;58;63;92;255;59;54;48;255;66;59;53;255;81;51;59;255;82;52;60;255;75;56;52;255;75;56;52;255;81;56;51;255;82;57;52;255;72;60;64;255;71;59;63;255;78;58;60;255;77;57;59;255;77;57;59;255;77;57;59;255;77;57;59;255;77;57;59;255;77;57;59;255;77;57;59;255;77;57;59;255;78;58;60;255;77;57;59;255
77;57;59;255;77;57;59;255;77;57;59;255;77;57;59;255;77;57;59;255;77;57;59;255;76;56;58;255;77;57;59;255;77;57;59;255;77;57;59;255;77;57;59;255;77;57;59;255;77;57;59;255;77;57;59;255;77;57;59;255;77;57;59;255;77;57;59;255;77;57;59;255;77;57;59;255;77;57;59;255;77;57;59;255;77;57;59;255;77;57;59;255
62;64;77;255;59;61;74;255;62;58;72;255;61;57;71;255;66;54;64;255;66;54;64;255;69;53;54;255;69;53;54;255;75;54;51;255;75;54;51;255;75;57;57;255;74;56;56;255;73;54;58;255;73;54;58;255;74;53;60;255;75;54;61;255;76;55;60;255;77;56;61;255;76;61;58;255;77;62;59;255;76;63;57;255;75;62;56;255;72;61;55;255
72;61;55;255;77;63;62;255;79;65;64;255;68;63;69;255;67;62;66;255;76;60;63;255;77;61;64;255;78;58;57;255;76;56;55;255;75;55;54;255;77;57;56;255;80;55;59;255;80;55;59;255;78;55;61;255;78;55;61;255;76;57;59;255;76;57;59;255;77;57;56;255;78;58;57;255;82;55;62;255;82;55;62;255;22;79;106;255;49;106;133;255
27;140;136;255;0;112;108;255;87;46;64;255;92;51;69;255;71;61;59;255;69;59;57;255;75;54;53;255;75;54;53;255;63;63;61;255;65;65;63;255;89;52;60;255;88;51;59;255;77;57;59;255;77;57;59;255;77;57;59;255;77;57;59;255;77;57;59;255;77;57;59;255;77;57;59;255;77;57;59;255;77;57;59;255;77;57;59;255;77;57;59;255
77;57;59;255;77;57;59;255;77;57;59;255;77;57;59;255;77;57;59;255;77;57;59;255;77;57;59;255;77;57;59;255;77;57;59;255;77;57;58;255;77;57;59;255;77;57;59;255;77;57;59;255;77;57;59;255;77;57;59;255;77;57;59;255;77;57;59;255;77;57;59;255;77;57;59;255;77;57;59;255;77;57;59;255;77;57;59;255;77;57;59;255
73;75;88;255;74;76;89;255;75;71;85;255;72;68;82;255;74;64;73;255;69;59;68;255;72;56;57;255;72;56;57;255;78;57;54;255;79;58;55;255;78;60;60;255;75;57;57;255;75;56;60;255;75;56;60;255;74;53;60;255;76;53;61;255;77;56;61;255;78;57;62;255;71;56;53;255;74;59;54;255;73;60;54;255;73;60;54;255;71;60;54;255
71;60;54;255;74;60;59;255;76;62;61;255;76;71;77;255;70;65;69;255;74;58;61;255;74;58;61;255;78;58;57;255;80;59;58;255;78;58;57;255;76;56;55;255;80;55;59;255;81;54;59;255;78;55;61;255;78;55;61;255;75;56;58;255;76;57;59;255;76;58;56;255;77;57;56;255;81;54;61;255;80;53;60;255;22;79;106;255;52;109;136;255
26;139;135;255;3;116;112;255;92;51;69;255;93;50;69;255;73;63;61;255;72;62;60;255;78;57;56;255;79;58;57;255;65;65;63;255;63;63;61;255;87;50;58;255;87;50;58;255;77;57;58;255;77;57;59;255;77;57;59;255;77;57;59;255;77;57;59;255;77;57;58;255;77;57;59;255;77;57;59;255;77;57;59;255;77;57;59;255;78;58;60;255
77;57;59;255;77;57;59;255;77;57;59;255;78;58;60;255;77;57;59;255;77;57;59;255;77;57;59;255;77;57;59;255;77;57;59;255;77;57;59;255;77;57;59;255;77;57;59;255;77;57;59;255;77;57;59;255;77;57;59;255;77;57;59;255;77;57;59;255;77;57;59;255;77;57;59;255;77;57;59;255;77;57;59;255;77;57;59;255;77;57;59;255
68;64;61;255;70;66;63;255;72;65;59;255;73;66;60;255;75;66;69;255;77;68;69;255;76;69;77;255;75;69;73;255;73;65;76;255;72;64;75;255;66;63;54;255;66;63;54;255;74;59;54;255;73;58;53;255;78;53;56;255;80;54;57;255;81;56;60;255;80;55;59;255;73;57;60;255;74;58;59;255;70;58;62;255;70;58;62;255;75;55;64;255
74;54;63;255;79;51;63;255;79;51;63;255;73;61;65;255;71;59;63;255;65;59;61;255;64;58;60;255;72;57;60;255;75;60;63;255;79;57;60;255;78;56;59;255;77;55;58;255;77;55;58;255;77;55;58;255;77;55;58;255;77;55;58;255;77;55;58;255;76;58;58;255;76;57;59;255;76;57;61;255;71;52;56;255;36;83;93;255;65;112;122;255
51;116;120;255;28;93;97;255;58;66;77;255;53;61;72;255;86;50;60;255;87;51;61;255;75;61;60;255;77;63;62;255;82;54;68;255;79;51;65;255;71;57;56;255;74;60;59;255;77;57;59;255;77;57;59;255;77;57;59;255;77;57;59;255;77;57;59;255;76;56;58;255;77;57;59;255;77;57;59;255;77;57;59;255;77;57;59;255;77;57;59;255
77;57;59;255;77;57;59;255;77;57;59;255;77;57;59;255;77;57;59;255;77;57;59;255;77;57;59;255;77;57;59;255;77;57;59;255;77;57;59;255;77;57;59;255;77;57;59;255;77;57;59;255;77;57;59;255;77;57;59;255;77;57;59;255;77;57;59;255;77;57;59;255;77;57;59;255;77;57;59;255;77;57;59;255;77;57;59;255;77;57;59;255
66;62;59;255;63;59;56;255;65;58;52;255;66;59;53;255;68;59;60;255;69;60;61;255;68;61;68;255;70;63;70;255;70;62;73;255;70;62;73;255;70;67;58;255;70;67;58;255;78;63;56;255;77;62;57;255;81;56;59;255;80;55;58;255;79;54;58;255;79;52;57;255;72;56;59;255;72;56;59;255;69;57;61;255;70;58;62;255;77;57;66;255
79;58;67;255;83;55;67;255;83;55;67;255;67;55;59;255;73;61;65;255;74;68;70;255;70;64;66;255;73;58;61;255;72;57;60;255;77;55;58;255;78;56;59;255;77;55;58;255;77;55;58;255;77;55;58;255;77;55;58;255;77;55;58;255;77;55;58;255;76;57;59;255;77;57;59;255;80;61;67;255;71;52;56;255;33;80;90;255;53;100;110;255
31;96;100;255;16;81;87;255;64;72;83;255;68;76;87;255;84;48;58;255;83;47;57;255;71;57;56;255;76;62;61;255;82;54;68;255;79;51;65;255;71;57;56;255;76;62;61;255;77;57;59;255;77;57;59;255;77;57;59;255;77;57;59;255;77;57;59;255;77;57;59;255;77;57;59;255;77;57;59;255;77;57;59;255;77;57;59;255;77;57;59;255
77;57;59;255;77;57;59;255;77;57;59;255;77;57;59;255;77;57;59;255;77;57;59;255;77;57;59;255;77;57;59;255;77;57;59;255;77;57;59;255;77;57;59;255;77;57;59;255;77;57;59;255;77;57;59;255;77;57;59;255;77;57;59;255;77;57;59;255;77;57;59;255;77;57;59;255;77;57;59;255;77;57;59;255;77;57;59;255;77;57;59;255
67;85;97;255;65;83;95;255;60;80;91;255;57;77;88;255;60;69;76;255;56;65;72;255;68;58;59;255;69;59;60;255;78;53;49;255;80;55;51;255;81;53;68;255;81;53;68;255;82;56;67;255;82;56;67;255;81;58;64;255;81;58;64;255;78;59;63;255;78;59;63;255;77;60;66;255;76;59;65;255;76;57;61;255;75;56;58;255;77;57;59;255
77;57;59;255;78;54;54;255;78;54;54;255;74;55;59;255;81;62;66;255;74;74;74;255;71;71;71;255;68;59;64;255;67;58;63;255;79;53;62;255;79;53;62;255;77;57;59;255;76;56;58;255;76;56;57;255;76;56;57;255;81;54;59;255;81;54;59;255;75;56;60;255;75;56;60;255;90;56;55;255;83;52;50;255;49;65;65;255;60;76;76;255
82;58;72;255;72;48;62;255;28;93;89;255;47;112;108;255;56;73;83;255;48;65;75;255;69;54;57;255;73;58;61;255;94;50;63;255;91;47;60;255;72;56;57;255;74;58;59;255;77;57;59;255;77;57;59;255;77;57;59;255;77;57;59;255;77;57;59;255;77;57;59;255;77;57;59;255;77;57;59;255;77;57;59;255;77;57;59;255;77;57;59;255
77;57;59;255;77;57;59;255;77;57;59;255;77;57;59;255;77;57;59;255;77;57;59;255;77;57;59;255;77;57;59;255;77;57;59;255;77;57;59;255;77;57;59;255;77;57;59;255;77;57;59;255;77;57;59;255;77;57;59;255;77;57;59;255;77;57;59;255;77;57;59;255;77;57;59;255;77;57;59;255;77;57;59;255;77;57;59;255;77;57;59;255
49;67;79;255;51;69;81;255;52;72;83;255;53;73;84;255;62;71;78;255;62;71;78;255;77;67;68;255;76;66;67;255;84;59;55;255;83;58;54;255;81;53;68;255;80;52;67;255;79;53;64;255;79;53;64;255;75;52;60;255;76;53;59;255;74;55;59;255;75;56;60;255;75;58;64;255;74;57;63;255;74;55;59;255;73;54;58;255;76;56;58;255
77;57;59;255;78;54;54;255;77;56;55;255;73;54;58;255;76;57;61;255;64;64;64;255;60;60;60;255;64;55;60;255;67;58;63;255;80;54;63;255;79;53;62;255;77;57;59;255;77;57;59;255;76;56;57;255;76;56;57;255;81;54;59;255;81;54;59;255;75;56;60;255;75;56;60;255;81;49;50;255;86;55;53;255;52;68;68;255;61;77;77;255
89;65;79;255;75;48;63;255;21;85;84;255;43;108;104;255;69;86;96;255;56;73;83;255;70;55;58;255;72;57;60;255;95;51;64;255;93;49;62;255;71;55;56;255;73;54;56;255;77;57;59;255;77;57;59;255;77;57;59;255;77;57;59;255;77;57;59;255;78;58;60;255;77;57;59;255;77;57;59;255;77;57;59;255;77;57;59;255;77;57;59;255
77;57;59;255;77;57;59;255;77;57;59;255;77;57;59;255;77;57;59;255;77;57;59;255;77;57;59;255;77;57;59;255;77;57;59;255;77;57;59;255;77;57;59;255;77;57;59;255;77;57;59;255;77;57;59;255;77;57;59;255;77;57;59;255;77;57;59;255;77;57;59;255;77;57;59;255;77;57;59;255;77;57;59;255;77;57;59;255;77;57;59;255
79;55;51;255;81;57;53;255;79;51;47;255;80;52;48;255;78;53;56;255;80;55;58;255;75;58;66;255;75;58;68;255;72;58;71;255;71;57;70;255;78;57;62;255;79;56;64;255;77;59;59;255;77;59;59;255;71;61;52;255;70;60;51;255;69;58;52;255;68;57;51;255;73;58;55;255;73;57;57;255;75;57;57;255;76;58;58;255;76;58;56;255
76;58;56;255;74;61;55;255;75;60;55;255;77;55;58;255;76;54;57;255;67;67;67;255;76;76;76;255;79;73;77;255;68;62;66;255;75;52;60;255;78;55;63;255;76;57;59;255;76;57;59;255;77;57;56;255;77;57;56;255;80;54;57;255;80;54;57;255;75;56;60;255;75;56;60;255;74;59;52;255;72;57;50;255;69;57;61;255;85;73;77;255
81;73;70;255;64;59;55;255;53;66;85;255;57;70;89;255;39;132;147;255;8;101;116;255;67;51;64;255;72;54;68;255;70;62;51;255;70;62;51;255;77;55;58;255;72;50;53;255;76;56;58;255;77;57;59;255;77;57;59;255;78;58;60;255;77;57;59;255;77;57;59;255;77;57;59;255;77;57;59;255;77;57;59;255;77;57;59;255;77;57;59;255
77;57;59;255;77;57;59;255;77;57;59;255;77;57;59;255;77;57;59;255;77;57;59;255;77;57;59;255;77;57;59;255;77;57;59;255;77;57;59;255;77;57;59;255;77;57;59;255;77;57;59;255;77;57;59;255;77;57;59;255;77;57;59;255;77;57;59;255;77;57;59;255;77;57;59;255;77;57;59;255;77;57;59;255;77;57;59;255;77;57;59;255
76;52;48;255;76;52;48;255;85;57;53;255;84;56;52;255;79;54;58;255;78;53;56;255;72;55;63;255;73;56;64;255;73;59;72;255;73;59;72;255;75;52;58;255;75;52;58;255;73;55;55;255;73;55;55;255;69;59;50;255;70;60;51;255;72;61;55;255;73;62;56;255;73;58;55;255;73;58;55;255;75;57;57;255;75;57;57;255;74;56;54;255
74;56;54;255;73;58;53;255;73;58;53;255;78;56;59;255;75;53;56;255;62;62;62;255;67;67;67;255;71;65;69;255;66;60;64;255;74;51;59;255;79;56;64;255;76;57;59;255;76;58;58;255;77;57;56;255;77;57;56;255;80;54;57;255;80;54;57;255;75;56;60;255;76;57;61;255;76;63;55;255;75;60;53;255;66;55;59;255;74;62;66;255
71;63;60;255;64;56;53;255;56;69;88;255;61;74;93;255;23;116;131;255;30;123;138;255;86;68;82;255;69;51;65;255;71;63;52;255;70;62;51;255;72;50;53;255;83;61;64;255;77;57;59;255;77;57;59;255;76;56;58;255;77;57;59;255;78;56;59;255;77;57;59;255;77;57;59;255;77;57;59;255;77;57;59;255;77;57;59;255;77;57;59;255
77;57;59;255;77;57;59;255;77;57;59;255;77;57;59;255;77;57;59;255;77;57;59;255;77;57;59;255;77;57;59;255;77;57;59;255;77;57;59;255;77;57;59;255;77;57;59;255;77;57;59;255;77;57;59;255;77;57;59;255;77;57;59;255;77;57;59;255;77;57;59;255;77;57;59;255;77;57;59;255;77;57;59;255;77;57;59;255;77;57;59;255
17;105;127;255;12;100;122;255;17;82;100;255;16;81;99;255;37;71;81;255;35;69;79;255;54;59;62;255;53;58;61;255;66;55;49;255;68;55;49;255;78;58;67;255;77;57;66;255;78;53;59;255;77;52;58;255;81;52;56;255;82;53;57;255;84;53;58;255;85;54;59;255;82;55;62;255;82;55;62;255;78;55;63;255;79;56;64;255;76;57;63;255
74;57;63;255;76;57;61;255;76;57;61;255;78;56;59;255;77;55;58;255;69;59;60;255;70;60;61;255;72;61;67;255;72;61;67;255;76;59;65;255;74;57;63;255;76;57;59;255;76;57;59;255;78;56;58;255;78;56;58;255;79;54;57;255;79;54;57;255;77;57;59;255;77;57;59;255;68;63;60;255;70;65;62;255;72;52;64;255;73;53;64;255
63;60;55;255;65;62;55;255;55;83;104;255;63;91;112;255;3;100;133;255;29;126;159;255;52;102;113;255;25;75;86;255;76;55;54;255;77;56;55;255;69;55;54;255;79;63;63;255;77;57;59;255;77;57;59;255;77;57;59;255;77;57;59;255;77;57;59;255;77;57;59;255;77;57;59;255;77;57;59;255;77;57;59;255;77;57;59;255;77;57;59;255
77;57;59;255;77;57;59;255;77;57;59;255;77;57;59;255;77;57;59;255;77;57;59;255;77;57;59;255;77;57;59;255;77;57;59;255;77;57;59;255;77;57;59;255;77;57;59;255;77;57;59;255;77;57;59;255;77;57;59;255;77;57;59;255;77;57;59;255;77;57;59;255;77;57;59;255;77;57;59;255;77;57;59;255;77;57;59;255;77;57;59;255
36;124;146;255;38;126;148;255;55;120;138;255;55;118;136;255;72;106;116;255;65;99;109;255;76;81;84;255;69;74;77;255;76;63;57;255;72;59;53;255;74;54;63;255;74;54;63;255;76;51;57;255;77;52;58;255;81;52;56;255;83;54;58;255;86;55;60;255;87;56;61;255;80;53;60;255;80;53;60;255;78;55;63;255;78;55;63;255;76;57;63;255
77;58;64;255;77;58;62;255;77;58;62;255;76;54;57;255;79;57;59;255;71;61;62;255;71;61;60;255;74;63;69;255;78;67;73;255;79;62;68;255;73;56;62;255;76;57;59;255;76;57;59;255;78;56;58;255;78;56;58;255;79;54;57;255;79;54;57;255;77;57;59;255;77;57;59;255;65;60;57;255;70;62;60;255;75;55;66;255;76;54;66;255
63;60;55;255;63;60;55;255;54;83;101;255;72;100;121;255;8;105;138;255;16;113;146;255;55;104;118;255;41;91;100;255;75;54;53;255;77;56;55;255;77;63;62;255;68;54;53;255;78;56;59;255;77;57;59;255;77;57;59;255;77;57;59;255;77;57;59;255;77;57;59;255;77;57;59;255;77;57;59;255;77;57;59;255;77;57;59;255;77;57;59;255
77;57;59;255;77;57;59;255;77;57;59;255;77;57;59;255;77;57;59;255;77;57;59;255;77;57;59;255;77;57;59;255;77;57;59;255;77;57;59;255;77;57;59;255;77;57;59;255;77;57;59;255;77;57;59;255;77;57;59;255;77;57;59;255;77;57;59;255;77;57;59;255;77;57;59;255;77;57;59;255;77;57;59;255;77;57;59;255;77;57;59;255
65;70;64;255;69;74;68;255;63;89;86;255;65;91;88;255;54;98;101;255;57;101;104;255;51;108;119;255;52;109;120;255;49;110;128;255;49;111;126;255;49;99;106;255;47;97;104;255;51;90;97;255;47;86;93;255;55;76;81;255;49;70;75;255;56;62;62;255;54;59;62;255;64;60;61;255;64;60;61;255;70;58;58;255;70;58;58;255;76;55;54;255
76;55;54;255;82;52;54;255;82;52;54;255;74;54;56;255;76;57;59;255;77;54;60;255;76;53;59;255;74;59;64;255;79;64;69;255;73;63;64;255;68;57;61;255;75;56;60;255;74;55;59;255;78;56;58;255;78;56;58;255;77;57;58;255;76;56;57;255;76;56;57;255;77;57;56;255;87;49;62;255;85;49;61;255;78;55;65;255;78;55;65;255
77;52;56;255;73;46;51;255;4;98;97;255;32;126;125;255;19;128;157;255;7;116;145;255;0;133;142;255;0;131;141;255;72;61;91;255;66;55;85;255;87;61;62;255;78;52;53;255;77;57;59;255;77;57;59;255;77;57;59;255;77;57;59;255;77;57;59;255;78;58;60;255;77;57;59;255;77;57;59;255;77;57;59;255;77;57;59;255;77;57;59;255
77;57;59;255;76;57;59;255;77;57;59;255;77;57;59;255;77;57;59;255;77;57;59;255;77;57;59;255;77;57;59;255;77;57;59;255;77;57;59;255;77;57;59;255;77;57;59;255;77;57;59;255;77;57;59;255;77;57;59;255;77;57;59;255;77;57;59;255;77;57;59;255;77;57;59;255;77;57;59;255;77;57;59;255;77;57;59;255;77;57;59;255
60;65;59;255;60;65;59;255;42;68;65;255;43;69;66;255;29;73;76;255;29;74;77;255;23;80;91;255;27;84;95;255;25;86;104;255;28;89;107;255;38;88;95;255;39;89;96;255;47;86;93;255;47;86;93;255;60;81;86;255;58;79;84;255;68;73;76;255;66;71;74;255;71;67;68;255;70;66;65;255;75;63;63;255;74;62;62;255;78;57;56;255
77;56;55;255;82;52;54;255;81;51;53;255;78;59;61;255;78;59;61;255;76;53;59;255;74;51;57;255;72;57;62;255;77;62;67;255;76;65;69;255;74;62;66;255;75;56;60;255;75;56;60;255;78;56;58;255;78;56;58;255;77;55;57;255;76;56;57;255;76;56;57;255;76;56;57;255;88;52;64;255;85;49;61;255;79;56;66;255;79;56;66;255
81;54;59;255;77;50;55;255;6;100;99;255;39;133;132;255;26;135;164;255;18;127;156;255;2;135;144;255;1;134;143;255;84;73;103;255;65;54;84;255;76;50;51;255;84;58;59;255;77;57;59;255;77;57;59;255;77;57;59;255;77;57;59;255;77;57;59;255;77;57;59;255;77;57;59;255;77;57;59;255;77;57;59;255;77;57;59;255;77;57;59;255
77;57;59;255;77;57;59;255;77;57;59;255;77;57;59;255;77;57;59;255;77;57;59;255;77;57;59;255;77;57;59;255;77;57;59;255;78;56;59;255;77;57;59;255;77;57;59;255;77;57;59;255;77;57;59;255;77;57;59;255;77;57;59;255;77;57;59;255;77;57;59;255;77;57;59;255;77;57;59;255;77;57;59;255;77;57;59;255;77;57;59;255
83;54;59;255;86;57;62;255;82;57;63;255;81;56;62;255;77;54;60;255;76;53;59;255;74;54;56;255;74;54;56;255;75;55;56;255;74;54;55;255;78;53;59;255;78;53;59;255;76;54;57;255;76;54;57;255;75;55;56;255;75;55;56;255;73;55;53;255;73;55;53;255;81;63;61;255;81;63;61;255;80;62;62;255;79;61;61;255;76;60;61;255
75;59;60;255;77;58;62;255;74;58;59;255;77;61;62;255;76;60;61;255;84;53;59;255;83;52;58;255;75;56;60;255;78;59;63;255;72;66;66;255;72;66;66;255;75;56;60;255;75;56;60;255;76;54;57;255;77;55;58;255;75;57;55;255;75;57;55;255;77;56;53;255;77;56;53;255;74;58;59;255;72;56;57;255;75;59;59;255;74;58;58;255
78;60;60;255;77;59;59;255;54;72;92;255;79;97;117;255;0;137;147;255;8;142;153;255;7;130;163;255;4;129;161;255;15;126;145;255;0;105;124;255;64;54;52;255;72;62;60;255;77;57;59;255;77;57;59;255;78;58;60;255;77;57;59;255;77;57;59;255;78;56;59;255;77;57;58;255;77;57;59;255;77;57;59;255;77;57;59;255;77;57;59;255
77;57;59;255;77;57;59;255;77;57;59;255;77;57;59;255;77;57;59;255;77;57;59;255;77;57;59;255;77;57;59;255;77;57;59;255;77;57;59;255;77;57;59;255;77;57;59;255;77;57;59;255;77;57;59;255;77;57;59;255;77;57;59;255;77;57;59;255;77;57;59;255;77;57;59;255;77;57;59;255;77;57;59;255;77;57;59;255;77;57;59;255
78;48;56;255;78;49;54;255;75;50;56;255;76;51;57;255;76;55;60;255;79;56;62;255;79;59;61;255;79;59;61;255;77;57;58;255;76;56;55;255;80;55;61;255;80;55;61;255;76;54;57;255;76;54;57;255;75;55;56;255;76;56;57;255;76;58;56;255;77;59;57;255;73;55;53;255;73;55;53;255;73;55;55;255;74;56;56;255;72;56;57;255
75;56;58;255;74;58;61;255;74;58;61;255;69;53;54;255;71;55;56;255;83;52;58;255;85;54;60;255;76;57;61;255;74;55;59;255;66;60;60;255;67;61;61;255;75;56;60;255;75;56;60;255;77;55;58;255;77;55;58;255;75;57;55;255;75;57;55;255;78;57;54;255;77;56;53;255;73;57;58;255;74;58;59;255;76;60;60;255;71;55;55;255
76;58;58;255;75;57;57;255;39;57;77;255;52;70;90;255;1;129;140;255;5;139;150;255;8;133;165;255;11;136;168;255;30;141;160;255;16;127;146;255;77;67;65;255;66;56;54;255;77;57;59;255;77;57;59;255;77;57;59;255;77;57;59;255;77;57;59;255;77;57;59;255;76;56;58;255;77;57;59;255;77;57;59;255;77;57;59;255;77;57;59;255
77;57;59;255;77;57;59;255;77;57;59;255;77;57;59;255;76;57;59;255;77;57;59;255;77;57;59;255;77;57;59;255;77;57;59;255;77;57;59;255;77;57;59;255;77;57;59;255;77;57;59;255;77;57;59;255;77;57;59;255;77;57;59;255;77;57;59;255;77;57;59;255;77;57;59;255;77;57;59;255;77;57;59;255;77;57;59;255;77;57;59;255
41;83;95;255;38;80;92;255;45;70;77;255;44;69;76;255;57;64;70;255;56;63;69;255;61;62;66;255;60;61;65;255;62;58;59;255;62;58;59;255;75;56;60;255;75;56;60;255;78;55;61;255;78;55;63;255;78;57;62;255;78;55;61;255;78;56;59;255;77;57;59;255;76;57;59;255;76;57;59;255;76;55;60;255;77;56;61;255;75;56;60;255
75;56;60;255;74;58;61;255;74;58;61;255;75;57;57;255;75;57;57;255;75;57;57;255;75;57;57;255;75;57;57;255;75;57;55;255;77;57;59;255;77;57;59;255;77;55;58;255;77;55;58;255;77;55;58;255;77;54;60;255;77;56;61;255;78;55;61;255;75;56;60;255;75;56;60;255;70;60;59;255;70;60;59;255;92;43;72;255;93;44;73;255
70;57;66;255;68;55;64;255;34;73;70;255;45;79;78;255;54;57;74;255;64;67;84;255;49;109;120;255;62;122;133;255;3;140;148;255;8;145;153;255;56;103;133;255;19;66;96;255;78;57;56;255;77;56;55;255;80;54;67;255;81;55;68;255;78;54;70;255;76;52;68;255;74;55;59;255;76;57;61;255;75;57;57;255;75;57;57;255;79;54;60;255
79;54;60;255;78;55;61;255;78;55;61;255;74;58;58;255;74;58;59;255;77;57;59;255;77;57;59;255;77;57;59;255;77;57;59;255;77;57;59;255;77;57;59;255;77;57;59;255;77;57;59;255;77;57;59;255;77;57;59;255;77;57;59;255;77;57;59;255;77;57;59;255;77;57;59;255;77;57;59;255;77;57;59;255;77;57;59;255;77;57;59;255
